{
  "summary": {
    "system": {
      "uptime": 23893,
      "uptimeFormatted": "23s",
      "timeSinceReset": 23893,
      "timeSinceResetFormatted": "23s"
    },
    "tasks": {
      "executed": 1,
      "failed": 0,
      "succeeded": 1,
      "successRate": 100,
      "avgDuration": 21709,
      "totalDuration": 21709,
      "durationPercentiles": {
        "p50": 21709,
        "p95": 21709,
        "p99": 21709
      }
    },
    "browsers": {
      "discovered": 1,
      "connected": 1,
      "failed": 0,
      "connectionRate": "100.00"
    },
    "api": {
      "calls": 0,
      "failures": 0,
      "successRate": 0,
      "avgResponseTime": 0
    },
    "sessions": {
      "created": 1,
      "active": 1,
      "closed": 0
    },
    "social": {
      "follows": 0,
      "likes": 0,
      "retweets": 0,
      "tweets": 0
    },
    "twitter": {
      "actions": {
        "likes": 0,
        "replies": 0,
        "quotes": 0,
        "retweets": 0,
        "bookmarks": 0,
        "follows": 0,
        "tweets": 0,
        "total": 0
      },
      "performance": {
        "avgDiveDuration": 0,
        "diveCount": 0,
        "avgAILatency": 0,
        "aiRequestCount": 0
      },
      "errors": {}
    },
    "runEndTime": "2026-02-13T00:00:24.787Z"
  },
  "tasks": [
    {
      "taskName": "ai-twitteractivity",
      "duration": 21709,
      "success": true,
      "sessionId": "Brave-9002:9002",
      "error": null,
      "startTime": "2026-02-13T00:00:03.053Z",
      "timestamp": 1770940824762
    }
  ]
}