{
  "summary": {
    "system": {
      "uptime": 356716,
      "uptimeFormatted": "5m 56s",
      "timeSinceReset": 356716,
      "timeSinceResetFormatted": "5m 56s"
    },
    "tasks": {
      "executed": 1,
      "failed": 0,
      "succeeded": 1,
      "successRate": 100,
      "avgDuration": 353606,
      "totalDuration": 353606,
      "durationPercentiles": {
        "p50": 353606,
        "p95": 353606,
        "p99": 353606
      }
    },
    "browsers": {
      "discovered": 1,
      "connected": 1,
      "failed": 0,
      "connectionRate": "100.00"
    },
    "api": {
      "calls": 0,
      "failures": 0,
      "successRate": 0,
      "avgResponseTime": 0
    },
    "sessions": {
      "created": 1,
      "active": 1,
      "closed": 0
    },
    "social": {
      "follows": 0,
      "likes": 0,
      "retweets": 0,
      "tweets": 0
    },
    "runEndTime": "2026-02-10T23:04:27.028Z"
  },
  "tasks": [
    {
      "taskName": "ai-twitterActivity",
      "duration": 353606,
      "success": true,
      "sessionId": "Brave-9002:9002",
      "error": null,
      "startTime": "2026-02-10T22:58:33.386Z",
      "timestamp": 1770764666992
    }
  ]
}