{
  "default": "roxybrowser",
  "profiles": {
    "ixbrowser": {
      "type": "ixbrowser",
      "apiBaseUrl": "http://127.0.0.1:53200",
      "apiKey": ""
    },
    "adspower": {
      "type": "adspower",
      "apiBaseUrl": "http://local.adspower.net:50325",
      "apiKey": ""
    },
    "roxybrowser": {
      "type": "roxybrowser",
      "apiBaseUrl": "${ROXYBROWSER_API_URL}",
      "apiKey": "${ROXYBROWSER_API_KEY}"
    },
    "multilogin": {
      "type": "multilogin",
      "apiBaseUrl": "http://127.0.0.1:35000",
      "apiKey": ""
    },
    "undetectable": {
      "type": "undetectable",
      "apiBaseUrl": "http://127.0.0.1:25325",
      "apiKey": ""
    },
    "incogniton": {
      "type": "incogniton",
      "apiBaseUrl": "http://127.0.0.1:35000",
      "apiKey": ""
    },
    "gologin": {
      "type": "gologin",
      "apiBaseUrl": "http://127.0.0.1:36912",
      "apiKey": ""
    },
    "adspower_alt": {
      "type": "adspower",
      "apiBaseUrl": "http://127.0.0.1:50325",
      "apiKey": ""
    },
    "dolphinanty": {
      "type": "dolphinanty",
      "apiBaseUrl": "http://127.0.0.1:5050",
      "apiKey": ""
    },
    "kameleo": {
      "type": "kameleo",
      "apiBaseUrl": "http://127.0.0.1:5050",
      "apiKey": ""
    },
    "octobrowser": {
      "type": "octobrowser",
      "apiBaseUrl": "http://127.0.0.1:58888",
      "apiKey": ""
    },
    "morelogin": {
      "type": "morelogin",
      "apiBaseUrl": "http://127.0.0.1:6699",
      "apiKey": ""
    },
    "nstbrowser": {
      "type": "nstbrowser",
      "apiBaseUrl": "http://127.0.0.1:60080",
      "apiKey": ""
    },
    "hidemyacc": {
      "type": "hidemyacc",
      "apiBaseUrl": "http://127.0.0.1:8888",
      "apiKey": ""
    },
    "antbrowser": {
      "type": "antbrowser",
      "apiBaseUrl": "http://127.0.0.1:40000",
      "apiKey": ""
    }
  }
}