[
  {
    "id": "01-Skimmer",
    "description": "Type: Skimmer | Input: Mouse (88%) | Dive: 24.7% | Tweet: 5.1% | T-Dive: 2.7% Like: 1.46%",
    "timings": {
      "readingPhase": {
        "mean": 47079,
        "deviation": 20882
      },
      "scrollPause": {
        "mean": 501,
        "deviation": 345
      },
      "actionSpecific": {
        "space": {
          "mean": 807,
          "deviation": 104
        },
        "keys": {
          "mean": 86,
          "deviation": 43
        },
        "idle": {
          "mean": 15000,
          "deviation": 5000
        }
      }
    },
    "probabilities": {
      "refresh": 0.219,
      "profileDive": 0.2466,
      "tweetDive": 0.0274,
      "likeTweetafterDive": 0.0146,
      "bookmarkAfterDive": 0,
      "followOnProfile": 0,
      "tweet": 0.0509,
      "idle": 0.1206
    },
    "inputMethods": {
      "wheelDown": 0.8847,
      "wheelUp": 0.0443,
      "space": 0.0709,
      "keysDown": 0,
      "keysUp": 0
    },
    "maxLike": 2,
    "maxFollow": 1,
    "theme": "dark"
  },
  {
    "id": "02-Skimmer",
    "description": "Type: Skimmer | Input: Mouse (77%) | Dive: 27.9% | Tweet: 3.3% | T-Dive: 2.2% Like: 1.10%",
    "timings": {
      "readingPhase": {
        "mean": 72870,
        "deviation": 15387
      },
      "scrollPause": {
        "mean": 405,
        "deviation": 310
      },
      "actionSpecific": {
        "space": {
          "mean": 1012,
          "deviation": 168
        },
        "keys": {
          "mean": 127,
          "deviation": 38
        },
        "idle": {
          "mean": 15000,
          "deviation": 5000
        }
      }
    },
    "probabilities": {
      "refresh": 0.2817,
      "profileDive": 0.2788,
      "tweetDive": 0.0222,
      "likeTweetafterDive": 0.011,
      "bookmarkAfterDive": 0,
      "followOnProfile": 0.0013,
      "tweet": 0.0325,
      "idle": 0.0923
    },
    "inputMethods": {
      "wheelDown": 0.7652,
      "wheelUp": 0.0472,
      "space": 0.1876,
      "keysDown": 0,
      "keysUp": 0
    },
    "maxLike": 2,
    "maxFollow": 1,
    "theme": "dark"
  },
  {
    "id": "03-Skimmer",
    "description": "Type: Skimmer | Input: Mouse (81%) | Dive: 27.6% | Tweet: 0.2% | T-Dive: 3.9% Like: 1.62%",
    "timings": {
      "readingPhase": {
        "mean": 60748,
        "deviation": 17389
      },
      "scrollPause": {
        "mean": 627,
        "deviation": 223
      },
      "actionSpecific": {
        "space": {
          "mean": 860,
          "deviation": 228
        },
        "keys": {
          "mean": 124,
          "deviation": 27
        },
        "idle": {
          "mean": 15000,
          "deviation": 5000
        }
      }
    },
    "probabilities": {
      "refresh": 0.2156,
      "profileDive": 0.2761,
      "tweetDive": 0.0388,
      "likeTweetafterDive": 0.0162,
      "bookmarkAfterDive": 0.0013,
      "followOnProfile": 0,
      "tweet": 0.002,
      "idle": 0.087
    },
    "inputMethods": {
      "wheelDown": 0.8109,
      "wheelUp": 0.0227,
      "space": 0.1664,
      "keysDown": 0,
      "keysUp": 0
    },
    "maxLike": 2,
    "maxFollow": 1,
    "theme": "dark"
  },
  {
    "id": "04-Skimmer",
    "description": "Type: Skimmer | Input: Mouse (83%) | Dive: 20.3% | Tweet: 0.0% | T-Dive: 9.6% Like: 1.38%",
    "timings": {
      "readingPhase": {
        "mean": 67747,
        "deviation": 20047
      },
      "scrollPause": {
        "mean": 539,
        "deviation": 248
      },
      "actionSpecific": {
        "space": {
          "mean": 803,
          "deviation": 194
        },
        "keys": {
          "mean": 110,
          "deviation": 23
        },
        "idle": {
          "mean": 15000,
          "deviation": 5000
        }
      }
    },
    "probabilities": {
      "refresh": 0.1682,
      "profileDive": 0.2035,
      "tweetDive": 0.0955,
      "likeTweetafterDive": 0.0138,
      "bookmarkAfterDive": 0.0021,
      "followOnProfile": 0.0001,
      "tweet": 0,
      "idle": 0.0076
    },
    "inputMethods": {
      "wheelDown": 0.8267,
      "wheelUp": 0.0131,
      "space": 0.1602,
      "keysDown": 0,
      "keysUp": 0
    },
    "maxLike": 2,
    "maxFollow": 1,
    "theme": "dark"
  },
  {
    "id": "05-Balanced",
    "description": "Type: Balanced | Input: Mouse (92%) | Dive: 39.0% | Tweet: 3.2% | T-Dive: 7.0% Like: 1.96%",
    "timings": {
      "readingPhase": {
        "mean": 123298,
        "deviation": 44396
      },
      "scrollPause": {
        "mean": 1884,
        "deviation": 689
      },
      "actionSpecific": {
        "space": {
          "mean": 900,
          "deviation": 293
        },
        "keys": {
          "mean": 132,
          "deviation": 49
        },
        "idle": {
          "mean": 15000,
          "deviation": 5000
        }
      }
    },
    "probabilities": {
      "refresh": 0.0656,
      "profileDive": 0.3895,
      "tweetDive": 0.0702,
      "likeTweetafterDive": 0.0196,
      "bookmarkAfterDive": 0,
      "followOnProfile": 0.0042,
      "tweet": 0.0316,
      "idle": 0.0631
    },
    "inputMethods": {
      "wheelDown": 0.9209,
      "wheelUp": 0.0136,
      "space": 0.0656,
      "keysDown": 0,
      "keysUp": 0
    },
    "maxLike": 2,
    "maxFollow": 1,
    "theme": "dark"
  },
  {
    "id": "06-Balanced",
    "description": "Type: Balanced | Input: Mouse (81%) | Dive: 33.1% | Tweet: 3.4% | T-Dive: 12.3% Like: 0.66%",
    "timings": {
      "readingPhase": {
        "mean": 125229,
        "deviation": 46003
      },
      "scrollPause": {
        "mean": 1833,
        "deviation": 738
      },
      "actionSpecific": {
        "space": {
          "mean": 986,
          "deviation": 145
        },
        "keys": {
          "mean": 97,
          "deviation": 27
        },
        "idle": {
          "mean": 15000,
          "deviation": 5000
        }
      }
    },
    "probabilities": {
      "refresh": 0.1233,
      "profileDive": 0.3313,
      "tweetDive": 0.1234,
      "likeTweetafterDive": 0.0066,
      "bookmarkAfterDive": 0.0026,
      "followOnProfile": 0.0029,
      "tweet": 0.0339,
      "idle": 0.015
    },
    "inputMethods": {
      "wheelDown": 0.8082,
      "wheelUp": 0.0274,
      "space": 0.1643,
      "keysDown": 0,
      "keysUp": 0
    },
    "maxLike": 2,
    "maxFollow": 1,
    "theme": "dark"
  },
  {
    "id": "07-Balanced",
    "description": "Type: Balanced | Input: Mouse (89%) | Dive: 15.1% | Tweet: 4.0% | T-Dive: 7.3% Like: 0.50%",
    "timings": {
      "readingPhase": {
        "mean": 128845,
        "deviation": 46757
      },
      "scrollPause": {
        "mean": 2237,
        "deviation": 779
      },
      "actionSpecific": {
        "space": {
          "mean": 1199,
          "deviation": 202
        },
        "keys": {
          "mean": 139,
          "deviation": 45
        },
        "idle": {
          "mean": 15000,
          "deviation": 5000
        }
      }
    },
    "probabilities": {
      "refresh": 0.1264,
      "profileDive": 0.1514,
      "tweetDive": 0.0735,
      "likeTweetafterDive": 0.005,
      "bookmarkAfterDive": 0.0081,
      "followOnProfile": 0.0043,
      "tweet": 0.0403,
      "idle": 0.0476
    },
    "inputMethods": {
      "wheelDown": 0.8936,
      "wheelUp": 0.0376,
      "space": 0.0688,
      "keysDown": 0,
      "keysUp": 0
    },
    "maxLike": 2,
    "maxFollow": 1,
    "theme": "dark"
  },
  {
    "id": "08-Balanced",
    "description": "Type: Balanced | Input: Mouse (95%) | Dive: 33.7% | Tweet: 6.9% | T-Dive: 12.4% Like: 1.95%",
    "timings": {
      "readingPhase": {
        "mean": 116172,
        "deviation": 45844
      },
      "scrollPause": {
        "mean": 2167,
        "deviation": 795
      },
      "actionSpecific": {
        "space": {
          "mean": 1052,
          "deviation": 222
        },
        "keys": {
          "mean": 133,
          "deviation": 42
        },
        "idle": {
          "mean": 15000,
          "deviation": 5000
        }
      }
    },
    "probabilities": {
      "refresh": 0.2079,
      "profileDive": 0.3372,
      "tweetDive": 0.1239,
      "likeTweetafterDive": 0.0195,
      "bookmarkAfterDive": 0,
      "followOnProfile": 0.0032,
      "tweet": 0.0692,
      "idle": 0.1154
    },
    "inputMethods": {
      "wheelDown": 0.946,
      "wheelUp": 0.0478,
      "space": 0.0063,
      "keysDown": 0,
      "keysUp": 0
    },
    "maxLike": 2,
    "maxFollow": 1,
    "theme": "dark"
  },
  {
    "id": "09-Balanced",
    "description": "Type: Balanced | Input: Mouse (95%) | Dive: 26.5% | Tweet: 2.5% | T-Dive: 8.4% Like: 1.00%",
    "timings": {
      "readingPhase": {
        "mean": 119493,
        "deviation": 43772
      },
      "scrollPause": {
        "mean": 1808,
        "deviation": 803
      },
      "actionSpecific": {
        "space": {
          "mean": 1052,
          "deviation": 276
        },
        "keys": {
          "mean": 126,
          "deviation": 26
        },
        "idle": {
          "mean": 15000,
          "deviation": 5000
        }
      }
    },
    "probabilities": {
      "refresh": 0.0613,
      "profileDive": 0.2654,
      "tweetDive": 0.084,
      "likeTweetafterDive": 0.01,
      "bookmarkAfterDive": 0.004,
      "followOnProfile": 0.004,
      "tweet": 0.0248,
      "idle": 0.1765
    },
    "inputMethods": {
      "wheelDown": 0.9472,
      "wheelUp": 0.0362,
      "space": 0.0165,
      "keysDown": 0,
      "keysUp": 0
    },
    "maxLike": 2,
    "maxFollow": 1,
    "theme": "dark"
  },
  {
    "id": "10-Balanced",
    "description": "Type: Balanced | Input: Mouse (83%) | Dive: 36.4% | Tweet: 6.8% | T-Dive: 10.5% Like: 1.86%",
    "timings": {
      "readingPhase": {
        "mean": 118210,
        "deviation": 45315
      },
      "scrollPause": {
        "mean": 1976,
        "deviation": 757
      },
      "actionSpecific": {
        "space": {
          "mean": 920,
          "deviation": 211
        },
        "keys": {
          "mean": 81,
          "deviation": 27
        },
        "idle": {
          "mean": 15000,
          "deviation": 5000
        }
      }
    },
    "probabilities": {
      "refresh": 0.1059,
      "profileDive": 0.3639,
      "tweetDive": 0.1048,
      "likeTweetafterDive": 0.0186,
      "bookmarkAfterDive": 0.0061,
      "followOnProfile": 0.0025,
      "tweet": 0.0676,
      "idle": 0
    },
    "inputMethods": {
      "wheelDown": 0.8257,
      "wheelUp": 0.0206,
      "space": 0.1537,
      "keysDown": 0,
      "keysUp": 0
    },
    "maxLike": 2,
    "maxFollow": 1,
    "theme": "dark"
  },
  {
    "id": "11-Balanced",
    "description": "Type: Balanced | Input: Mouse (74%) | Dive: 20.1% | Tweet: 5.3% | T-Dive: 10.0% Like: 1.24%",
    "timings": {
      "readingPhase": {
        "mean": 119985,
        "deviation": 42290
      },
      "scrollPause": {
        "mean": 2139,
        "deviation": 744
      },
      "actionSpecific": {
        "space": {
          "mean": 1150,
          "deviation": 232
        },
        "keys": {
          "mean": 137,
          "deviation": 35
        },
        "idle": {
          "mean": 15000,
          "deviation": 5000
        }
      }
    },
    "probabilities": {
      "refresh": 0.0553,
      "profileDive": 0.2011,
      "tweetDive": 0.1,
      "likeTweetafterDive": 0.0124,
      "bookmarkAfterDive": 0.0036,
      "followOnProfile": 0.0029,
      "tweet": 0.053,
      "idle": 0.0308
    },
    "inputMethods": {
      "wheelDown": 0.7427,
      "wheelUp": 0.0368,
      "space": 0.2205,
      "keysDown": 0,
      "keysUp": 0
    },
    "maxLike": 2,
    "maxFollow": 1,
    "theme": "dark"
  },
  {
    "id": "12-Balanced",
    "description": "Type: Balanced | Input: Mouse (79%) | Dive: 38.4% | Tweet: 3.5% | T-Dive: 15.1% Like: 0.75%",
    "timings": {
      "readingPhase": {
        "mean": 139406,
        "deviation": 45278
      },
      "scrollPause": {
        "mean": 1813,
        "deviation": 802
      },
      "actionSpecific": {
        "space": {
          "mean": 843,
          "deviation": 119
        },
        "keys": {
          "mean": 85,
          "deviation": 44
        },
        "idle": {
          "mean": 15000,
          "deviation": 5000
        }
      }
    },
    "probabilities": {
      "refresh": 0.1127,
      "profileDive": 0.3839,
      "tweetDive": 0.1511,
      "likeTweetafterDive": 0.0075,
      "bookmarkAfterDive": 0.0094,
      "followOnProfile": 0.0012,
      "tweet": 0.0348,
      "idle": 0.0601
    },
    "inputMethods": {
      "wheelDown": 0.7883,
      "wheelUp": 0.0116,
      "space": 0.2001,
      "keysDown": 0,
      "keysUp": 0
    },
    "maxLike": 2,
    "maxFollow": 1,
    "theme": "dark"
  },
  {
    "id": "13-Balanced",
    "description": "Type: Balanced | Input: Mouse (89%) | Dive: 1.0% | Tweet: 5.8% | T-Dive: 7.4% Like: 0.76%",
    "timings": {
      "readingPhase": {
        "mean": 136008,
        "deviation": 40743
      },
      "scrollPause": {
        "mean": 1822,
        "deviation": 778
      },
      "actionSpecific": {
        "space": {
          "mean": 848,
          "deviation": 217
        },
        "keys": {
          "mean": 145,
          "deviation": 30
        },
        "idle": {
          "mean": 15000,
          "deviation": 5000
        }
      }
    },
    "probabilities": {
      "refresh": 0.0413,
      "profileDive": 0.0103,
      "tweetDive": 0.0739,
      "likeTweetafterDive": 0.0076,
      "bookmarkAfterDive": 0.0081,
      "followOnProfile": 0.0027,
      "tweet": 0.0577,
      "idle": 0.0638
    },
    "inputMethods": {
      "wheelDown": 0.8908,
      "wheelUp": 0.0404,
      "space": 0.0688,
      "keysDown": 0,
      "keysUp": 0
    },
    "maxLike": 2,
    "maxFollow": 1,
    "theme": "dark"
  },
  {
    "id": "14-Balanced",
    "description": "Type: Balanced | Input: Keys (86%) | Dive: 43.8% | Tweet: 6.6% | T-Dive: 14.2% Like: 1.68%",
    "timings": {
      "readingPhase": {
        "mean": 98711,
        "deviation": 46969
      },
      "scrollPause": {
        "mean": 1842,
        "deviation": 830
      },
      "actionSpecific": {
        "space": {
          "mean": 894,
          "deviation": 191
        },
        "keys": {
          "mean": 96,
          "deviation": 24
        },
        "idle": {
          "mean": 15000,
          "deviation": 5000
        }
      }
    },
    "probabilities": {
      "refresh": 0.0522,
      "profileDive": 0.4382,
      "tweetDive": 0.1424,
      "likeTweetafterDive": 0.0168,
      "bookmarkAfterDive": 0.0094,
      "followOnProfile": 0.0043,
      "tweet": 0.0655,
      "idle": 0.0382
    },
    "inputMethods": {
      "wheelDown": 0,
      "wheelUp": 0,
      "space": 0.1245,
      "keysDown": 0.8586,
      "keysUp": 0.0169
    },
    "maxLike": 2,
    "maxFollow": 1,
    "theme": "dark"
  },
  {
    "id": "15-Balanced",
    "description": "Type: Balanced | Input: Mouse (84%) | Dive: 39.3% | Tweet: 3.8% | T-Dive: 0.0% Like: 2.00%",
    "timings": {
      "readingPhase": {
        "mean": 140665,
        "deviation": 45358
      },
      "scrollPause": {
        "mean": 2278,
        "deviation": 830
      },
      "actionSpecific": {
        "space": {
          "mean": 826,
          "deviation": 113
        },
        "keys": {
          "mean": 120,
          "deviation": 25
        },
        "idle": {
          "mean": 15000,
          "deviation": 5000
        }
      }
    },
    "probabilities": {
      "refresh": 0.1296,
      "profileDive": 0.3926,
      "tweetDive": 0,
      "likeTweetafterDive": 0.02,
      "bookmarkAfterDive": 0.0098,
      "followOnProfile": 0.0037,
      "tweet": 0.0383,
      "idle": 0.1278
    },
    "inputMethods": {
      "wheelDown": 0.841,
      "wheelUp": 0.0371,
      "space": 0.122,
      "keysDown": 0,
      "keysUp": 0
    },
    "maxLike": 2,
    "maxFollow": 1,
    "theme": "dark"
  },
  {
    "id": "16-Balanced",
    "description": "Type: Balanced | Input: Mouse (76%) | Dive: 36.4% | Tweet: 6.7% | T-Dive: 9.0% Like: 0.99%",
    "timings": {
      "readingPhase": {
        "mean": 126265,
        "deviation": 42704
      },
      "scrollPause": {
        "mean": 1885,
        "deviation": 816
      },
      "actionSpecific": {
        "space": {
          "mean": 1145,
          "deviation": 204
        },
        "keys": {
          "mean": 141,
          "deviation": 29
        },
        "idle": {
          "mean": 15000,
          "deviation": 5000
        }
      }
    },
    "probabilities": {
      "refresh": 0.0853,
      "profileDive": 0.3641,
      "tweetDive": 0.0896,
      "likeTweetafterDive": 0.0099,
      "bookmarkAfterDive": 0.0008,
      "followOnProfile": 0.0032,
      "tweet": 0.0672,
      "idle": 0.0708
    },
    "inputMethods": {
      "wheelDown": 0.7584,
      "wheelUp": 0.0196,
      "space": 0.2221,
      "keysDown": 0,
      "keysUp": 0
    },
    "maxLike": 2,
    "maxFollow": 1,
    "theme": "dark"
  },
  {
    "id": "17-Balanced",
    "description": "Type: Balanced | Input: Mouse (81%) | Dive: 23.3% | Tweet: 4.0% | T-Dive: 2.5% Like: 1.19%",
    "timings": {
      "readingPhase": {
        "mean": 127937,
        "deviation": 42377
      },
      "scrollPause": {
        "mean": 1889,
        "deviation": 787
      },
      "actionSpecific": {
        "space": {
          "mean": 1188,
          "deviation": 102
        },
        "keys": {
          "mean": 130,
          "deviation": 29
        },
        "idle": {
          "mean": 15000,
          "deviation": 5000
        }
      }
    },
    "probabilities": {
      "refresh": 0.0588,
      "profileDive": 0.2327,
      "tweetDive": 0.0253,
      "likeTweetafterDive": 0.0119,
      "bookmarkAfterDive": 0,
      "followOnProfile": 0.0032,
      "tweet": 0.0395,
      "idle": 0.0124
    },
    "inputMethods": {
      "wheelDown": 0.8102,
      "wheelUp": 0.0442,
      "space": 0.1456,
      "keysDown": 0,
      "keysUp": 0
    },
    "maxLike": 2,
    "maxFollow": 1,
    "theme": "dark"
  },
  {
    "id": "18-Balanced",
    "description": "Type: Balanced | Input: Mouse (73%) | Dive: 26.5% | Tweet: 8.6% | T-Dive: 8.4% Like: 1.77%",
    "timings": {
      "readingPhase": {
        "mean": 120411,
        "deviation": 44009
      },
      "scrollPause": {
        "mean": 1826,
        "deviation": 863
      },
      "actionSpecific": {
        "space": {
          "mean": 1015,
          "deviation": 208
        },
        "keys": {
          "mean": 130,
          "deviation": 30
        },
        "idle": {
          "mean": 15000,
          "deviation": 5000
        }
      }
    },
    "probabilities": {
      "refresh": 0.084,
      "profileDive": 0.2652,
      "tweetDive": 0.0841,
      "likeTweetafterDive": 0.0177,
      "bookmarkAfterDive": 0.001,
      "followOnProfile": 0.0026,
      "tweet": 0.0856,
      "idle": 0.067
    },
    "inputMethods": {
      "wheelDown": 0.7318,
      "wheelUp": 0.0213,
      "space": 0.2469,
      "keysDown": 0,
      "keysUp": 0
    },
    "maxLike": 2,
    "maxFollow": 1,
    "theme": "dark"
  },
  {
    "id": "19-Balanced",
    "description": "Type: Balanced | Input: Mouse (82%) | Dive: 48.0% | Tweet: 2.6% | T-Dive: 4.5% Like: 2.00%",
    "timings": {
      "readingPhase": {
        "mean": 113167,
        "deviation": 47186
      },
      "scrollPause": {
        "mean": 2076,
        "deviation": 626
      },
      "actionSpecific": {
        "space": {
          "mean": 978,
          "deviation": 101
        },
        "keys": {
          "mean": 130,
          "deviation": 36
        },
        "idle": {
          "mean": 15000,
          "deviation": 5000
        }
      }
    },
    "probabilities": {
      "refresh": 0.1551,
      "profileDive": 0.4798,
      "tweetDive": 0.0447,
      "likeTweetafterDive": 0.02,
      "bookmarkAfterDive": 0.012,
      "followOnProfile": 0.0018,
      "tweet": 0.0256,
      "idle": 0.1158
    },
    "inputMethods": {
      "wheelDown": 0.8227,
      "wheelUp": 0.0395,
      "space": 0.1378,
      "keysDown": 0,
      "keysUp": 0
    },
    "maxLike": 2,
    "maxFollow": 1,
    "theme": "dark"
  },
  {
    "id": "20-Balanced",
    "description": "Type: Balanced | Input: Mouse (85%) | Dive: 36.4% | Tweet: 2.7% | T-Dive: 16.2% Like: 1.64%",
    "timings": {
      "readingPhase": {
        "mean": 102671,
        "deviation": 44079
      },
      "scrollPause": {
        "mean": 2372,
        "deviation": 899
      },
      "actionSpecific": {
        "space": {
          "mean": 982,
          "deviation": 105
        },
        "keys": {
          "mean": 111,
          "deviation": 40
        },
        "idle": {
          "mean": 15000,
          "deviation": 5000
        }
      }
    },
    "probabilities": {
      "refresh": 0.0501,
      "profileDive": 0.3637,
      "tweetDive": 0.1623,
      "likeTweetafterDive": 0.0164,
      "bookmarkAfterDive": 0,
      "followOnProfile": 0.0031,
      "tweet": 0.0274,
      "idle": 0.0739
    },
    "inputMethods": {
      "wheelDown": 0.8476,
      "wheelUp": 0.0145,
      "space": 0.1379,
      "keysDown": 0,
      "keysUp": 0
    },
    "maxLike": 2,
    "maxFollow": 1,
    "theme": "dark"
  },
  {
    "id": "21-Balanced",
    "description": "Type: Balanced | Input: Mouse (88%) | Dive: 25.7% | Tweet: 6.0% | T-Dive: 9.2% Like: 1.54%",
    "timings": {
      "readingPhase": {
        "mean": 130523,
        "deviation": 45599
      },
      "scrollPause": {
        "mean": 2377,
        "deviation": 889
      },
      "actionSpecific": {
        "space": {
          "mean": 1018,
          "deviation": 156
        },
        "keys": {
          "mean": 103,
          "deviation": 23
        },
        "idle": {
          "mean": 15000,
          "deviation": 5000
        }
      }
    },
    "probabilities": {
      "refresh": 0.1513,
      "profileDive": 0.2565,
      "tweetDive": 0.0921,
      "likeTweetafterDive": 0.0154,
      "bookmarkAfterDive": 0.0048,
      "followOnProfile": 0.0034,
      "tweet": 0.0604,
      "idle": 0.149
    },
    "inputMethods": {
      "wheelDown": 0.8823,
      "wheelUp": 0.0416,
      "space": 0.0762,
      "keysDown": 0,
      "keysUp": 0
    },
    "maxLike": 2,
    "maxFollow": 1,
    "theme": "dark"
  },
  {
    "id": "22-Balanced",
    "description": "Type: Balanced | Input: Mouse (86%) | Dive: 20.2% | Tweet: 5.3% | T-Dive: 16.9% Like: 1.35%",
    "timings": {
      "readingPhase": {
        "mean": 112018,
        "deviation": 46752
      },
      "scrollPause": {
        "mean": 1900,
        "deviation": 795
      },
      "actionSpecific": {
        "space": {
          "mean": 1028,
          "deviation": 241
        },
        "keys": {
          "mean": 117,
          "deviation": 30
        },
        "idle": {
          "mean": 15000,
          "deviation": 5000
        }
      }
    },
    "probabilities": {
      "refresh": 0.0567,
      "profileDive": 0.2022,
      "tweetDive": 0.1687,
      "likeTweetafterDive": 0.0135,
      "bookmarkAfterDive": 0,
      "followOnProfile": 0.0022,
      "tweet": 0.0525,
      "idle": 0.0559
    },
    "inputMethods": {
      "wheelDown": 0.8631,
      "wheelUp": 0.0365,
      "space": 0.1004,
      "keysDown": 0,
      "keysUp": 0
    },
    "maxLike": 2,
    "maxFollow": 1,
    "theme": "dark"
  },
  {
    "id": "23-Balanced",
    "description": "Type: Balanced | Input: Mouse (89%) | Dive: 29.6% | Tweet: 3.3% | T-Dive: 3.0% Like: 2.00%",
    "timings": {
      "readingPhase": {
        "mean": 124206,
        "deviation": 46327
      },
      "scrollPause": {
        "mean": 1763,
        "deviation": 758
      },
      "actionSpecific": {
        "space": {
          "mean": 960,
          "deviation": 244
        },
        "keys": {
          "mean": 99,
          "deviation": 39
        },
        "idle": {
          "mean": 15000,
          "deviation": 5000
        }
      }
    },
    "probabilities": {
      "refresh": 0.0616,
      "profileDive": 0.2961,
      "tweetDive": 0.0298,
      "likeTweetafterDive": 0.02,
      "bookmarkAfterDive": 0,
      "followOnProfile": 0.0031,
      "tweet": 0.0326,
      "idle": 0.0735
    },
    "inputMethods": {
      "wheelDown": 0.89,
      "wheelUp": 0.0106,
      "space": 0.0994,
      "keysDown": 0,
      "keysUp": 0
    },
    "maxLike": 2,
    "maxFollow": 1,
    "theme": "dark"
  },
  {
    "id": "24-Balanced",
    "description": "Type: Balanced | Input: Mouse (88%) | Dive: 43.4% | Tweet: 7.8% | T-Dive: 13.2% Like: 1.77%",
    "timings": {
      "readingPhase": {
        "mean": 122247,
        "deviation": 42980
      },
      "scrollPause": {
        "mean": 2112,
        "deviation": 790
      },
      "actionSpecific": {
        "space": {
          "mean": 965,
          "deviation": 147
        },
        "keys": {
          "mean": 91,
          "deviation": 43
        },
        "idle": {
          "mean": 15000,
          "deviation": 5000
        }
      }
    },
    "probabilities": {
      "refresh": 0.1689,
      "profileDive": 0.434,
      "tweetDive": 0.1323,
      "likeTweetafterDive": 0.0177,
      "bookmarkAfterDive": 0.0102,
      "followOnProfile": 0.0016,
      "tweet": 0.0782,
      "idle": 0.0841
    },
    "inputMethods": {
      "wheelDown": 0.8795,
      "wheelUp": 0.0289,
      "space": 0.0916,
      "keysDown": 0,
      "keysUp": 0
    },
    "maxLike": 2,
    "maxFollow": 1,
    "theme": "dark"
  },
  {
    "id": "25-Balanced",
    "description": "Type: Balanced | Input: Mouse (87%) | Dive: 39.2% | Tweet: 4.9% | T-Dive: 6.9% Like: 1.67%",
    "timings": {
      "readingPhase": {
        "mean": 127865,
        "deviation": 46974
      },
      "scrollPause": {
        "mean": 1982,
        "deviation": 763
      },
      "actionSpecific": {
        "space": {
          "mean": 950,
          "deviation": 110
        },
        "keys": {
          "mean": 132,
          "deviation": 36
        },
        "idle": {
          "mean": 15000,
          "deviation": 5000
        }
      }
    },
    "probabilities": {
      "refresh": 0.0989,
      "profileDive": 0.3922,
      "tweetDive": 0.069,
      "likeTweetafterDive": 0.0167,
      "bookmarkAfterDive": 0.0063,
      "followOnProfile": 0.0014,
      "tweet": 0.0489,
      "idle": 0.0705
    },
    "inputMethods": {
      "wheelDown": 0.8735,
      "wheelUp": 0.0239,
      "space": 0.1027,
      "keysDown": 0,
      "keysUp": 0
    },
    "maxLike": 2,
    "maxFollow": 1,
    "theme": "dark"
  },
  {
    "id": "26-Balanced",
    "description": "Type: Balanced | Input: Keys (87%) | Dive: 36.4% | Tweet: 4.5% | T-Dive: 13.1% Like: 1.53%",
    "timings": {
      "readingPhase": {
        "mean": 124475,
        "deviation": 45977
      },
      "scrollPause": {
        "mean": 2024,
        "deviation": 792
      },
      "actionSpecific": {
        "space": {
          "mean": 1003,
          "deviation": 238
        },
        "keys": {
          "mean": 96,
          "deviation": 46
        },
        "idle": {
          "mean": 15000,
          "deviation": 5000
        }
      }
    },
    "probabilities": {
      "refresh": 0.1682,
      "profileDive": 0.3637,
      "tweetDive": 0.1307,
      "likeTweetafterDive": 0.0153,
      "bookmarkAfterDive": 0.0063,
      "followOnProfile": 0.0021,
      "tweet": 0.0455,
      "idle": 0.1304
    },
    "inputMethods": {
      "wheelDown": 0,
      "wheelUp": 0,
      "space": 0.1133,
      "keysDown": 0.8708,
      "keysUp": 0.0159
    },
    "maxLike": 2,
    "maxFollow": 1,
    "theme": "dark"
  },
  {
    "id": "27-Balanced",
    "description": "Type: Balanced | Input: Keys (90%) | Dive: 41.0% | Tweet: 1.5% | T-Dive: 16.9% Like: 1.99%",
    "timings": {
      "readingPhase": {
        "mean": 115647,
        "deviation": 42320
      },
      "scrollPause": {
        "mean": 2107,
        "deviation": 742
      },
      "actionSpecific": {
        "space": {
          "mean": 1131,
          "deviation": 162
        },
        "keys": {
          "mean": 92,
          "deviation": 23
        },
        "idle": {
          "mean": 15000,
          "deviation": 5000
        }
      }
    },
    "probabilities": {
      "refresh": 0.1338,
      "profileDive": 0.4101,
      "tweetDive": 0.1685,
      "likeTweetafterDive": 0.0199,
      "bookmarkAfterDive": 0.0103,
      "followOnProfile": 0.0035,
      "tweet": 0.0151,
      "idle": 0.0997
    },
    "inputMethods": {
      "wheelDown": 0,
      "wheelUp": 0,
      "space": 0.0682,
      "keysDown": 0.904,
      "keysUp": 0.0278
    },
    "maxLike": 2,
    "maxFollow": 1,
    "theme": "dark"
  },
  {
    "id": "28-Balanced",
    "description": "Type: Balanced | Input: Mouse (90%) | Dive: 14.0% | Tweet: 6.2% | T-Dive: 12.5% Like: 1.90%",
    "timings": {
      "readingPhase": {
        "mean": 113399,
        "deviation": 47326
      },
      "scrollPause": {
        "mean": 1825,
        "deviation": 805
      },
      "actionSpecific": {
        "space": {
          "mean": 1008,
          "deviation": 197
        },
        "keys": {
          "mean": 99,
          "deviation": 38
        },
        "idle": {
          "mean": 15000,
          "deviation": 5000
        }
      }
    },
    "probabilities": {
      "refresh": 0.1184,
      "profileDive": 0.1396,
      "tweetDive": 0.1249,
      "likeTweetafterDive": 0.019,
      "bookmarkAfterDive": 0.0047,
      "followOnProfile": 0.0026,
      "tweet": 0.062,
      "idle": 0.0384
    },
    "inputMethods": {
      "wheelDown": 0.9023,
      "wheelUp": 0.0426,
      "space": 0.0551,
      "keysDown": 0,
      "keysUp": 0
    },
    "maxLike": 2,
    "maxFollow": 1,
    "theme": "dark"
  },
  {
    "id": "29-Balanced",
    "description": "Type: Balanced | Input: Mouse (79%) | Dive: 20.1% | Tweet: 4.6% | T-Dive: 4.5% Like: 1.27%",
    "timings": {
      "readingPhase": {
        "mean": 127143,
        "deviation": 43192
      },
      "scrollPause": {
        "mean": 1968,
        "deviation": 721
      },
      "actionSpecific": {
        "space": {
          "mean": 1030,
          "deviation": 209
        },
        "keys": {
          "mean": 138,
          "deviation": 24
        },
        "idle": {
          "mean": 15000,
          "deviation": 5000
        }
      }
    },
    "probabilities": {
      "refresh": 0,
      "profileDive": 0.2005,
      "tweetDive": 0.0445,
      "likeTweetafterDive": 0.0127,
      "bookmarkAfterDive": 0.0106,
      "followOnProfile": 0.0004,
      "tweet": 0.0463,
      "idle": 0.1194
    },
    "inputMethods": {
      "wheelDown": 0.7909,
      "wheelUp": 0.0128,
      "space": 0.1963,
      "keysDown": 0,
      "keysUp": 0
    },
    "maxLike": 2,
    "maxFollow": 1,
    "theme": "dark"
  },
  {
    "id": "30-Balanced",
    "description": "Type: Balanced | Input: Mouse (83%) | Dive: 38.6% | Tweet: 5.7% | T-Dive: 16.8% Like: 1.96%",
    "timings": {
      "readingPhase": {
        "mean": 113226,
        "deviation": 39737
      },
      "scrollPause": {
        "mean": 1911,
        "deviation": 773
      },
      "actionSpecific": {
        "space": {
          "mean": 1143,
          "deviation": 108
        },
        "keys": {
          "mean": 142,
          "deviation": 37
        },
        "idle": {
          "mean": 15000,
          "deviation": 5000
        }
      }
    },
    "probabilities": {
      "refresh": 0.0832,
      "profileDive": 0.3863,
      "tweetDive": 0.1679,
      "likeTweetafterDive": 0.0196,
      "bookmarkAfterDive": 0.0055,
      "followOnProfile": 0.0034,
      "tweet": 0.0569,
      "idle": 0.0751
    },
    "inputMethods": {
      "wheelDown": 0.8288,
      "wheelUp": 0.0135,
      "space": 0.1577,
      "keysDown": 0,
      "keysUp": 0
    },
    "maxLike": 2,
    "maxFollow": 1,
    "theme": "dark"
  },
  {
    "id": "31-DeepDiver",
    "description": "Type: DeepDiver | Input: Mouse (86%) | Dive: 55.4% | Tweet: 2.8% | T-Dive: 11.7% Like: 2.00%",
    "timings": {
      "readingPhase": {
        "mean": 197386,
        "deviation": 64254
      },
      "scrollPause": {
        "mean": 3924,
        "deviation": 1514
      },
      "actionSpecific": {
        "space": {
          "mean": 967,
          "deviation": 222
        },
        "keys": {
          "mean": 140,
          "deviation": 21
        },
        "idle": {
          "mean": 15000,
          "deviation": 5000
        }
      }
    },
    "probabilities": {
      "refresh": 0.0602,
      "profileDive": 0.554,
      "tweetDive": 0.1165,
      "likeTweetafterDive": 0.02,
      "bookmarkAfterDive": 0.0265,
      "followOnProfile": 0.0051,
      "tweet": 0.0278,
      "idle": 0.1005
    },
    "inputMethods": {
      "wheelDown": 0.857,
      "wheelUp": 0.0164,
      "space": 0.1265,
      "keysDown": 0,
      "keysUp": 0
    },
    "maxLike": 2,
    "maxFollow": 1,
    "theme": "dark"
  },
  {
    "id": "32-DeepDiver",
    "description": "Type: DeepDiver | Input: Mouse (83%) | Dive: 68.0% | Tweet: 2.7% | T-Dive: 20.6% Like: 2.00%",
    "timings": {
      "readingPhase": {
        "mean": 216428,
        "deviation": 65588
      },
      "scrollPause": {
        "mean": 4185,
        "deviation": 1497
      },
      "actionSpecific": {
        "space": {
          "mean": 873,
          "deviation": 167
        },
        "keys": {
          "mean": 118,
          "deviation": 45
        },
        "idle": {
          "mean": 15000,
          "deviation": 5000
        }
      }
    },
    "probabilities": {
      "refresh": 0.0387,
      "profileDive": 0.6797,
      "tweetDive": 0.2061,
      "likeTweetafterDive": 0.02,
      "bookmarkAfterDive": 0.0183,
      "followOnProfile": 0.0037,
      "tweet": 0.0272,
      "idle": 0.2176
    },
    "inputMethods": {
      "wheelDown": 0.8335,
      "wheelUp": 0.0371,
      "space": 0.1293,
      "keysDown": 0,
      "keysUp": 0
    },
    "maxLike": 2,
    "maxFollow": 1,
    "theme": "dark"
  },
  {
    "id": "33-DeepDiver",
    "description": "Type: DeepDiver | Input: Mouse (84%) | Dive: 64.8% | Tweet: 4.4% | T-Dive: 12.0% Like: 2.00%",
    "timings": {
      "readingPhase": {
        "mean": 212279,
        "deviation": 66463
      },
      "scrollPause": {
        "mean": 3927,
        "deviation": 1602
      },
      "actionSpecific": {
        "space": {
          "mean": 829,
          "deviation": 292
        },
        "keys": {
          "mean": 89,
          "deviation": 34
        },
        "idle": {
          "mean": 15000,
          "deviation": 5000
        }
      }
    },
    "probabilities": {
      "refresh": 0.0559,
      "profileDive": 0.6482,
      "tweetDive": 0.1199,
      "likeTweetafterDive": 0.02,
      "bookmarkAfterDive": 0.0189,
      "followOnProfile": 0.0052,
      "tweet": 0.0444,
      "idle": 0.1784
    },
    "inputMethods": {
      "wheelDown": 0.8428,
      "wheelUp": 0.0324,
      "space": 0.1248,
      "keysDown": 0,
      "keysUp": 0
    },
    "maxLike": 2,
    "maxFollow": 1,
    "theme": "dark"
  },
  {
    "id": "34-DeepDiver",
    "description": "Type: DeepDiver | Input: Mouse (87%) | Dive: 66.6% | Tweet: 1.4% | T-Dive: 27.1% Like: 1.34%",
    "timings": {
      "readingPhase": {
        "mean": 217309,
        "deviation": 69741
      },
      "scrollPause": {
        "mean": 4093,
        "deviation": 1485
      },
      "actionSpecific": {
        "space": {
          "mean": 1018,
          "deviation": 292
        },
        "keys": {
          "mean": 132,
          "deviation": 20
        },
        "idle": {
          "mean": 15000,
          "deviation": 5000
        }
      }
    },
    "probabilities": {
      "refresh": 0,
      "profileDive": 0.6657,
      "tweetDive": 0.2711,
      "likeTweetafterDive": 0.0134,
      "bookmarkAfterDive": 0.0221,
      "followOnProfile": 0.006,
      "tweet": 0.0136,
      "idle": 0
    },
    "inputMethods": {
      "wheelDown": 0.8682,
      "wheelUp": 0.0277,
      "space": 0.1041,
      "keysDown": 0,
      "keysUp": 0
    },
    "maxLike": 2,
    "maxFollow": 1,
    "theme": "dark"
  },
  {
    "id": "35-Lurker",
    "description": "Type: Lurker | Input: Mouse (90%) | Dive: 2.8% | Tweet: 1.4% | T-Dive: 10.8% Like: 0.53%",
    "timings": {
      "readingPhase": {
        "mean": 238960,
        "deviation": 90708
      },
      "scrollPause": {
        "mean": 3159,
        "deviation": 1047
      },
      "actionSpecific": {
        "space": {
          "mean": 1117,
          "deviation": 126
        },
        "keys": {
          "mean": 123,
          "deviation": 29
        },
        "idle": {
          "mean": 15000,
          "deviation": 5000
        }
      }
    },
    "probabilities": {
      "refresh": 0.084,
      "profileDive": 0.0279,
      "tweetDive": 0.1082,
      "likeTweetafterDive": 0.0053,
      "bookmarkAfterDive": 0.0345,
      "followOnProfile": 0.0006,
      "tweet": 0.014,
      "idle": 0.0366
    },
    "inputMethods": {
      "wheelDown": 0.9045,
      "wheelUp": 0.0401,
      "space": 0.0554,
      "keysDown": 0,
      "keysUp": 0
    },
    "maxLike": 2,
    "maxFollow": 1,
    "theme": "dark"
  },
  {
    "id": "36-Lurker",
    "description": "Type: Lurker | Input: Mouse (96%) | Dive: 0.0% | Tweet: 0.0% | T-Dive: 20.5% Like: 0.50%",
    "timings": {
      "readingPhase": {
        "mean": 257453,
        "deviation": 92182
      },
      "scrollPause": {
        "mean": 2616,
        "deviation": 981
      },
      "actionSpecific": {
        "space": {
          "mean": 1070,
          "deviation": 218
        },
        "keys": {
          "mean": 81,
          "deviation": 26
        },
        "idle": {
          "mean": 15000,
          "deviation": 5000
        }
      }
    },
    "probabilities": {
      "refresh": 0.0291,
      "profileDive": 0,
      "tweetDive": 0.2049,
      "likeTweetafterDive": 0.005,
      "bookmarkAfterDive": 0.0257,
      "followOnProfile": 0,
      "tweet": 0,
      "idle": 0.2295
    },
    "inputMethods": {
      "wheelDown": 0.9633,
      "wheelUp": 0.0215,
      "space": 0.0153,
      "keysDown": 0,
      "keysUp": 0
    },
    "maxLike": 2,
    "maxFollow": 1,
    "theme": "dark"
  },
  {
    "id": "37-Lurker",
    "description": "Type: Lurker | Input: Mouse (86%) | Dive: 11.2% | Tweet: 3.2% | T-Dive: 8.9% Like: 0.72%",
    "timings": {
      "readingPhase": {
        "mean": 251150,
        "deviation": 90406
      },
      "scrollPause": {
        "mean": 2942,
        "deviation": 998
      },
      "actionSpecific": {
        "space": {
          "mean": 918,
          "deviation": 292
        },
        "keys": {
          "mean": 128,
          "deviation": 32
        },
        "idle": {
          "mean": 15000,
          "deviation": 5000
        }
      }
    },
    "probabilities": {
      "refresh": 0.0133,
      "profileDive": 0.1124,
      "tweetDive": 0.0889,
      "likeTweetafterDive": 0.0072,
      "bookmarkAfterDive": 0.0254,
      "followOnProfile": 0,
      "tweet": 0.0324,
      "idle": 0.1989
    },
    "inputMethods": {
      "wheelDown": 0.8555,
      "wheelUp": 0.0431,
      "space": 0.1013,
      "keysDown": 0,
      "keysUp": 0
    },
    "maxLike": 2,
    "maxFollow": 1,
    "theme": "dark"
  },
  {
    "id": "38-Lurker",
    "description": "Type: Lurker | Input: Mouse (91%) | Dive: 14.4% | Tweet: 0.5% | T-Dive: 27.1% Like: 1.06%",
    "timings": {
      "readingPhase": {
        "mean": 251155,
        "deviation": 90995
      },
      "scrollPause": {
        "mean": 2589,
        "deviation": 1056
      },
      "actionSpecific": {
        "space": {
          "mean": 1161,
          "deviation": 210
        },
        "keys": {
          "mean": 132,
          "deviation": 42
        },
        "idle": {
          "mean": 15000,
          "deviation": 5000
        }
      }
    },
    "probabilities": {
      "refresh": 0.0216,
      "profileDive": 0.1436,
      "tweetDive": 0.2706,
      "likeTweetafterDive": 0.0106,
      "bookmarkAfterDive": 0.0329,
      "followOnProfile": 0.0028,
      "tweet": 0.0051,
      "idle": 0.0963
    },
    "inputMethods": {
      "wheelDown": 0.9119,
      "wheelUp": 0.046,
      "space": 0.0422,
      "keysDown": 0,
      "keysUp": 0
    },
    "maxLike": 2,
    "maxFollow": 1,
    "theme": "dark"
  },
  {
    "id": "39-DoomScroller",
    "description": "Type: DoomScroller | Input: Mouse (104%) | Dive: 0.0% | Tweet: 0.0% | T-Dive: 2.7% Like: 0.50%",
    "timings": {
      "readingPhase": {
        "mean": 22460,
        "deviation": 13769
      },
      "scrollPause": {
        "mean": 607,
        "deviation": 184
      },
      "actionSpecific": {
        "space": {
          "mean": 843,
          "deviation": 273
        },
        "keys": {
          "mean": 113,
          "deviation": 48
        },
        "idle": {
          "mean": 15000,
          "deviation": 5000
        }
      }
    },
    "probabilities": {
      "refresh": 0.0399,
      "profileDive": 0,
      "tweetDive": 0.0266,
      "likeTweetafterDive": 0.005,
      "bookmarkAfterDive": 0.007,
      "followOnProfile": 0.0003,
      "tweet": 0,
      "idle": 0.1878
    },
    "inputMethods": {
      "wheelDown": 1.0379,
      "wheelUp": 0.0152,
      "space": 0,
      "keysDown": 0,
      "keysUp": 0
    },
    "maxLike": 2,
    "maxFollow": 1,
    "theme": "dark"
  },
  {
    "id": "40-DoomScroller",
    "description": "Type: DoomScroller | Input: Mouse (93%) | Dive: 0.0% | Tweet: 2.1% | T-Dive: 7.1% Like: 1.31%",
    "timings": {
      "readingPhase": {
        "mean": 30347,
        "deviation": 7765
      },
      "scrollPause": {
        "mean": 820,
        "deviation": 209
      },
      "actionSpecific": {
        "space": {
          "mean": 1150,
          "deviation": 274
        },
        "keys": {
          "mean": 145,
          "deviation": 23
        },
        "idle": {
          "mean": 15000,
          "deviation": 5000
        }
      }
    },
    "probabilities": {
      "refresh": 0.1037,
      "profileDive": 0,
      "tweetDive": 0.0706,
      "likeTweetafterDive": 0.0131,
      "bookmarkAfterDive": 0,
      "followOnProfile": 0.0016,
      "tweet": 0.0206,
      "idle": 0.0545
    },
    "inputMethods": {
      "wheelDown": 0.9288,
      "wheelUp": 0.0176,
      "space": 0.0535,
      "keysDown": 0,
      "keysUp": 0
    },
    "maxLike": 2,
    "maxFollow": 1,
    "theme": "dark"
  },
  {
    "id": "41-DoomScroller",
    "description": "Type: DoomScroller | Input: Mouse (91%) | Dive: 13.6% | Tweet: 1.6% | T-Dive: 0.3% Like: 1.85%",
    "timings": {
      "readingPhase": {
        "mean": 19170,
        "deviation": 12960
      },
      "scrollPause": {
        "mean": 678,
        "deviation": 183
      },
      "actionSpecific": {
        "space": {
          "mean": 881,
          "deviation": 225
        },
        "keys": {
          "mean": 133,
          "deviation": 32
        },
        "idle": {
          "mean": 15000,
          "deviation": 5000
        }
      }
    },
    "probabilities": {
      "refresh": 0.0516,
      "profileDive": 0.1357,
      "tweetDive": 0.0025,
      "likeTweetafterDive": 0.0185,
      "bookmarkAfterDive": 0.0042,
      "followOnProfile": 0.0015,
      "tweet": 0.0158,
      "idle": 0.032
    },
    "inputMethods": {
      "wheelDown": 0.9064,
      "wheelUp": 0.0495,
      "space": 0.0441,
      "keysDown": 0,
      "keysUp": 0
    },
    "maxLike": 2,
    "maxFollow": 1,
    "theme": "dark"
  },
  {
    "id": "42-DoomScroller",
    "description": "Type: DoomScroller | Input: Mouse (89%) | Dive: 0.0% | Tweet: 0.0% | T-Dive: 0.3% Like: 1.19%",
    "timings": {
      "readingPhase": {
        "mean": 22174,
        "deviation": 11649
      },
      "scrollPause": {
        "mean": 331,
        "deviation": 198
      },
      "actionSpecific": {
        "space": {
          "mean": 1067,
          "deviation": 166
        },
        "keys": {
          "mean": 139,
          "deviation": 49
        },
        "idle": {
          "mean": 15000,
          "deviation": 5000
        }
      }
    },
    "probabilities": {
      "refresh": 0.0754,
      "profileDive": 0,
      "tweetDive": 0.0025,
      "likeTweetafterDive": 0.0119,
      "bookmarkAfterDive": 0,
      "followOnProfile": 0.0003,
      "tweet": 0,
      "idle": 0.168
    },
    "inputMethods": {
      "wheelDown": 0.8904,
      "wheelUp": 0.0153,
      "space": 0.0943,
      "keysDown": 0,
      "keysUp": 0
    },
    "maxLike": 2,
    "maxFollow": 1,
    "theme": "dark"
  },
  {
    "id": "43-NewsJunkie",
    "description": "Type: NewsJunkie | Input: Mouse (95%) | Dive: 13.0% | Tweet: 16.2% | T-Dive: 29.1% Like: 0.50%",
    "timings": {
      "readingPhase": {
        "mean": 39586,
        "deviation": 16519
      },
      "scrollPause": {
        "mean": 956,
        "deviation": 402
      },
      "actionSpecific": {
        "space": {
          "mean": 1167,
          "deviation": 176
        },
        "keys": {
          "mean": 104,
          "deviation": 20
        },
        "idle": {
          "mean": 15000,
          "deviation": 5000
        }
      }
    },
    "probabilities": {
      "refresh": 0.5822,
      "profileDive": 0.1303,
      "tweetDive": 0.2907,
      "likeTweetafterDive": 0.005,
      "bookmarkAfterDive": 0.0253,
      "followOnProfile": 0.0079,
      "tweet": 0.1618,
      "idle": 0.1793
    },
    "inputMethods": {
      "wheelDown": 0.9509,
      "wheelUp": 0.0228,
      "space": 0.0263,
      "keysDown": 0,
      "keysUp": 0
    },
    "maxLike": 2,
    "maxFollow": 1,
    "theme": "dark"
  },
  {
    "id": "44-NewsJunkie",
    "description": "Type: NewsJunkie | Input: Keys (85%) | Dive: 5.0% | Tweet: 13.5% | T-Dive: 36.4% Like: 0.96%",
    "timings": {
      "readingPhase": {
        "mean": 31538,
        "deviation": 12136
      },
      "scrollPause": {
        "mean": 937,
        "deviation": 352
      },
      "actionSpecific": {
        "space": {
          "mean": 1074,
          "deviation": 241
        },
        "keys": {
          "mean": 141,
          "deviation": 31
        },
        "idle": {
          "mean": 15000,
          "deviation": 5000
        }
      }
    },
    "probabilities": {
      "refresh": 0.6822,
      "profileDive": 0.0502,
      "tweetDive": 0.3645,
      "likeTweetafterDive": 0.0096,
      "bookmarkAfterDive": 0.0216,
      "followOnProfile": 0.0098,
      "tweet": 0.1346,
      "idle": 0.0139
    },
    "inputMethods": {
      "wheelDown": 0,
      "wheelUp": 0,
      "space": 0.1127,
      "keysDown": 0.848,
      "keysUp": 0.0394
    },
    "maxLike": 2,
    "maxFollow": 1,
    "theme": "dark"
  },
  {
    "id": "45-NewsJunkie",
    "description": "Type: NewsJunkie | Input: Mouse (76%) | Dive: 1.5% | Tweet: 14.9% | T-Dive: 22.6% Like: 1.27%",
    "timings": {
      "readingPhase": {
        "mean": 27451,
        "deviation": 14728
      },
      "scrollPause": {
        "mean": 1010,
        "deviation": 489
      },
      "actionSpecific": {
        "space": {
          "mean": 862,
          "deviation": 164
        },
        "keys": {
          "mean": 143,
          "deviation": 40
        },
        "idle": {
          "mean": 15000,
          "deviation": 5000
        }
      }
    },
    "probabilities": {
      "refresh": 0.5609,
      "profileDive": 0.0154,
      "tweetDive": 0.2258,
      "likeTweetafterDive": 0.0127,
      "bookmarkAfterDive": 0.0226,
      "followOnProfile": 0.0087,
      "tweet": 0.1495,
      "idle": 0.0373
    },
    "inputMethods": {
      "wheelDown": 0.7563,
      "wheelUp": 0.0441,
      "space": 0.1996,
      "keysDown": 0,
      "keysUp": 0
    },
    "maxLike": 2,
    "maxFollow": 1,
    "theme": "dark"
  },
  {
    "id": "46-NewsJunkie",
    "description": "Type: NewsJunkie | Input: Keys (88%) | Dive: 0.0% | Tweet: 15.5% | T-Dive: 30.8% Like: 0.60%",
    "timings": {
      "readingPhase": {
        "mean": 35101,
        "deviation": 15927
      },
      "scrollPause": {
        "mean": 944,
        "deviation": 396
      },
      "actionSpecific": {
        "space": {
          "mean": 1083,
          "deviation": 152
        },
        "keys": {
          "mean": 121,
          "deviation": 36
        },
        "idle": {
          "mean": 15000,
          "deviation": 5000
        }
      }
    },
    "probabilities": {
      "refresh": 0.5773,
      "profileDive": 0,
      "tweetDive": 0.3084,
      "likeTweetafterDive": 0.006,
      "bookmarkAfterDive": 0.0301,
      "followOnProfile": 0.01,
      "tweet": 0.1552,
      "idle": 0.1488
    },
    "inputMethods": {
      "wheelDown": 0,
      "wheelUp": 0,
      "space": 0.1048,
      "keysDown": 0.8776,
      "keysUp": 0.0176
    },
    "maxLike": 2,
    "maxFollow": 1,
    "theme": "dark"
  },
  {
    "id": "47-Stalker",
    "description": "Type: Stalker | Input: Mouse (94%) | Dive: 80.0% | Tweet: 2.6% | T-Dive: 0.0% Like: 0.50%",
    "timings": {
      "readingPhase": {
        "mean": 111745,
        "deviation": 38868
      },
      "scrollPause": {
        "mean": 1668,
        "deviation": 826
      },
      "actionSpecific": {
        "space": {
          "mean": 915,
          "deviation": 234
        },
        "keys": {
          "mean": 88,
          "deviation": 40
        },
        "idle": {
          "mean": 15000,
          "deviation": 5000
        }
      }
    },
    "probabilities": {
      "refresh": 0.0589,
      "profileDive": 0.8,
      "tweetDive": 0,
      "likeTweetafterDive": 0.005,
      "bookmarkAfterDive": 0.0082,
      "followOnProfile": 0.01,
      "tweet": 0.0263,
      "idle": 0.0955
    },
    "inputMethods": {
      "wheelDown": 0.9379,
      "wheelUp": 0.0282,
      "space": 0.034,
      "keysDown": 0,
      "keysUp": 0
    },
    "maxLike": 2,
    "maxFollow": 1,
    "theme": "dark"
  },
  {
    "id": "48-Stalker",
    "description": "Type: Stalker | Input: Mouse (83%) | Dive: 80.0% | Tweet: 0.2% | T-Dive: 0.0% Like: 0.94%",
    "timings": {
      "readingPhase": {
        "mean": 126138,
        "deviation": 40884
      },
      "scrollPause": {
        "mean": 2282,
        "deviation": 808
      },
      "actionSpecific": {
        "space": {
          "mean": 1131,
          "deviation": 292
        },
        "keys": {
          "mean": 115,
          "deviation": 41
        },
        "idle": {
          "mean": 15000,
          "deviation": 5000
        }
      }
    },
    "probabilities": {
      "refresh": 0.1395,
      "profileDive": 0.8,
      "tweetDive": 0,
      "likeTweetafterDive": 0.0094,
      "bookmarkAfterDive": 0.0044,
      "followOnProfile": 0.01,
      "tweet": 0.0019,
      "idle": 0.1222
    },
    "inputMethods": {
      "wheelDown": 0.8275,
      "wheelUp": 0.0361,
      "space": 0.1364,
      "keysDown": 0,
      "keysUp": 0
    },
    "maxLike": 2,
    "maxFollow": 1,
    "theme": "dark"
  },
  {
    "id": "49-Stalker",
    "description": "Type: Stalker | Input: Mouse (94%) | Dive: 80.0% | Tweet: 0.7% | T-Dive: 8.7% Like: 0.50%",
    "timings": {
      "readingPhase": {
        "mean": 126249,
        "deviation": 39725
      },
      "scrollPause": {
        "mean": 2014,
        "deviation": 845
      },
      "actionSpecific": {
        "space": {
          "mean": 1088,
          "deviation": 214
        },
        "keys": {
          "mean": 123,
          "deviation": 32
        },
        "idle": {
          "mean": 15000,
          "deviation": 5000
        }
      }
    },
    "probabilities": {
      "refresh": 0.1383,
      "profileDive": 0.8,
      "tweetDive": 0.0874,
      "likeTweetafterDive": 0.005,
      "bookmarkAfterDive": 0,
      "followOnProfile": 0.01,
      "tweet": 0.0068,
      "idle": 0.1284
    },
    "inputMethods": {
      "wheelDown": 0.9389,
      "wheelUp": 0.017,
      "space": 0.044,
      "keysDown": 0,
      "keysUp": 0
    },
    "maxLike": 2,
    "maxFollow": 1,
    "theme": "dark"
  },
  {
    "id": "50-Stalker",
    "description": "Type: Stalker | Input: Mouse (78%) | Dive: 80.0% | Tweet: 3.1% | T-Dive: 4.9% Like: 0.80%",
    "timings": {
      "readingPhase": {
        "mean": 126103,
        "deviation": 39543
      },
      "scrollPause": {
        "mean": 2190,
        "deviation": 796
      },
      "actionSpecific": {
        "space": {
          "mean": 999,
          "deviation": 104
        },
        "keys": {
          "mean": 130,
          "deviation": 23
        },
        "idle": {
          "mean": 15000,
          "deviation": 5000
        }
      }
    },
    "probabilities": {
      "refresh": 0.123,
      "profileDive": 0.8,
      "tweetDive": 0.0491,
      "likeTweetafterDive": 0.008,
      "bookmarkAfterDive": 0.0169,
      "followOnProfile": 0.01,
      "tweet": 0.0314,
      "idle": 0.0564
    },
    "inputMethods": {
      "wheelDown": 0.7772,
      "wheelUp": 0.0175,
      "space": 0.2053,
      "keysDown": 0,
      "keysUp": 0
    },
    "maxLike": 2,
    "maxFollow": 1,
    "theme": "dark"
  }
]