{
  "summary": {
    "system": {
      "uptime": 544028,
      "uptimeFormatted": "9m 4s",
      "timeSinceReset": 544028,
      "timeSinceResetFormatted": "9m 4s"
    },
    "tasks": {
      "executed": 1,
      "failed": 0,
      "succeeded": 1,
      "successRate": 100,
      "avgDuration": 541901,
      "totalDuration": 541901,
      "durationPercentiles": {
        "p50": 541901,
        "p95": 541901,
        "p99": 541901
      }
    },
    "browsers": {
      "discovered": 1,
      "connected": 1,
      "failed": 0,
      "connectionRate": "100.00"
    },
    "api": {
      "calls": 0,
      "failures": 0,
      "successRate": 0,
      "avgResponseTime": 0
    },
    "sessions": {
      "created": 1,
      "active": 1,
      "closed": 0
    },
    "social": {
      "follows": 0,
      "likes": 0,
      "retweets": 0,
      "tweets": 0
    },
    "twitter": {
      "actions": {
        "likes": 0,
        "replies": 3,
        "quotes": 1,
        "retweets": 0,
        "bookmarks": 0,
        "follows": 0,
        "tweets": 0,
        "total": 4
      },
      "performance": {
        "avgDiveDuration": 0,
        "diveCount": 0,
        "avgAILatency": 0,
        "aiRequestCount": 0
      },
      "errors": {}
    },
    "runEndTime": "2026-02-22T04:09:10.566Z"
  },
  "tasks": [
    {
      "taskName": "api-twitteractivity",
      "duration": 541901,
      "success": true,
      "sessionId": "0001:59619",
      "error": null,
      "startTime": "2026-02-22T04:00:08.649Z",
      "timestamp": 1771733350550
    }
  ]
}