[
  {
    "id": "01-Skimmer",
    "description": "Type: Skimmer | Input: Mouse (91%) | Dive: 27.2% | Tweet: 1.4% | T-Dive: 5.2% Like: 1.86%",
    "timings": {
      "readingPhase": {
        "mean": 80099,
        "deviation": 21388
      },
      "scrollPause": {
        "mean": 637,
        "deviation": 294
      },
      "actionSpecific": {
        "space": {
          "mean": 940,
          "deviation": 198
        },
        "keys": {
          "mean": 106,
          "deviation": 40
        },
        "idle": {
          "mean": 15000,
          "deviation": 5000
        }
      }
    },
    "probabilities": {
      "refresh": 0.1941,
      "profileDive": 0.2719,
      "tweetDive": 0.0517,
      "likeTweetafterDive": 0.0186,
      "bookmarkAfterDive": 0.0029,
      "followOnProfile": 0.0002,
      "tweet": 0.0136,
      "idle": 0.0977
    },
    "inputMethods": {
      "wheelDown": 0.9059,
      "wheelUp": 0.0196,
      "space": 0.0746,
      "keysDown": 0,
      "keysUp": 0
    },
    "maxLike": 2,
    "maxFollow": 1,
    "theme": "dark"
  },
  {
    "id": "02-Skimmer",
    "description": "Type: Skimmer | Input: Mouse (90%) | Dive: 8.9% | Tweet: 0.1% | T-Dive: 0.0% Like: 1.25%",
    "timings": {
      "readingPhase": {
        "mean": 70100,
        "deviation": 18072
      },
      "scrollPause": {
        "mean": 731,
        "deviation": 337
      },
      "actionSpecific": {
        "space": {
          "mean": 1102,
          "deviation": 208
        },
        "keys": {
          "mean": 121,
          "deviation": 20
        },
        "idle": {
          "mean": 15000,
          "deviation": 5000
        }
      }
    },
    "probabilities": {
      "refresh": 0.1344,
      "profileDive": 0.0891,
      "tweetDive": 0,
      "likeTweetafterDive": 0.0125,
      "bookmarkAfterDive": 0.0097,
      "followOnProfile": 0.0013,
      "tweet": 0.0009,
      "idle": 0.0592
    },
    "inputMethods": {
      "wheelDown": 0.9027,
      "wheelUp": 0.0449,
      "space": 0.0524,
      "keysDown": 0,
      "keysUp": 0
    },
    "maxLike": 2,
    "maxFollow": 1,
    "theme": "dark"
  },
  {
    "id": "03-Skimmer",
    "description": "Type: Skimmer | Input: Mouse (86%) | Dive: 27.2% | Tweet: 0.0% | T-Dive: 7.9% Like: 0.53%",
    "timings": {
      "readingPhase": {
        "mean": 56960,
        "deviation": 19744
      },
      "scrollPause": {
        "mean": 688,
        "deviation": 369
      },
      "actionSpecific": {
        "space": {
          "mean": 1052,
          "deviation": 296
        },
        "keys": {
          "mean": 108,
          "deviation": 21
        },
        "idle": {
          "mean": 15000,
          "deviation": 5000
        }
      }
    },
    "probabilities": {
      "refresh": 0.2451,
      "profileDive": 0.2723,
      "tweetDive": 0.0791,
      "likeTweetafterDive": 0.0053,
      "bookmarkAfterDive": 0.0058,
      "followOnProfile": 0.0013,
      "tweet": 0,
      "idle": 0.058
    },
    "inputMethods": {
      "wheelDown": 0.8615,
      "wheelUp": 0.0113,
      "space": 0.1272,
      "keysDown": 0,
      "keysUp": 0
    },
    "maxLike": 2,
    "maxFollow": 1,
    "theme": "dark"
  },
  {
    "id": "04-Skimmer",
    "description": "Type: Skimmer | Input: Mouse (87%) | Dive: 35.3% | Tweet: 2.5% | T-Dive: 1.4% Like: 1.75%",
    "timings": {
      "readingPhase": {
        "mean": 63990,
        "deviation": 15551
      },
      "scrollPause": {
        "mean": 797,
        "deviation": 276
      },
      "actionSpecific": {
        "space": {
          "mean": 1134,
          "deviation": 107
        },
        "keys": {
          "mean": 115,
          "deviation": 25
        },
        "idle": {
          "mean": 15000,
          "deviation": 5000
        }
      }
    },
    "probabilities": {
      "refresh": 0.2312,
      "profileDive": 0.3529,
      "tweetDive": 0.0143,
      "likeTweetafterDive": 0.0175,
      "bookmarkAfterDive": 0.0119,
      "followOnProfile": 0.0006,
      "tweet": 0.0252,
      "idle": 0.1467
    },
    "inputMethods": {
      "wheelDown": 0.8728,
      "wheelUp": 0.0177,
      "space": 0.1095,
      "keysDown": 0,
      "keysUp": 0
    },
    "maxLike": 2,
    "maxFollow": 1,
    "theme": "dark"
  },
  {
    "id": "05-Balanced",
    "description": "Type: Balanced | Input: Mouse (90%) | Dive: 25.7% | Tweet: 1.3% | T-Dive: 3.1% Like: 1.80%",
    "timings": {
      "readingPhase": {
        "mean": 110509,
        "deviation": 42403
      },
      "scrollPause": {
        "mean": 1994,
        "deviation": 826
      },
      "actionSpecific": {
        "space": {
          "mean": 805,
          "deviation": 164
        },
        "keys": {
          "mean": 108,
          "deviation": 26
        },
        "idle": {
          "mean": 15000,
          "deviation": 5000
        }
      }
    },
    "probabilities": {
      "refresh": 0.0916,
      "profileDive": 0.2571,
      "tweetDive": 0.0315,
      "likeTweetafterDive": 0.018,
      "bookmarkAfterDive": 0.0062,
      "followOnProfile": 0.0039,
      "tweet": 0.0131,
      "idle": 0.1429
    },
    "inputMethods": {
      "wheelDown": 0.9042,
      "wheelUp": 0.0177,
      "space": 0.0781,
      "keysDown": 0,
      "keysUp": 0
    },
    "maxLike": 2,
    "maxFollow": 1,
    "theme": "dark"
  },
  {
    "id": "06-Balanced",
    "description": "Type: Balanced | Input: Mouse (82%) | Dive: 11.3% | Tweet: 3.8% | T-Dive: 4.2% Like: 1.84%",
    "timings": {
      "readingPhase": {
        "mean": 131315,
        "deviation": 42274
      },
      "scrollPause": {
        "mean": 2083,
        "deviation": 821
      },
      "actionSpecific": {
        "space": {
          "mean": 976,
          "deviation": 287
        },
        "keys": {
          "mean": 107,
          "deviation": 40
        },
        "idle": {
          "mean": 15000,
          "deviation": 5000
        }
      }
    },
    "probabilities": {
      "refresh": 0.1129,
      "profileDive": 0.1125,
      "tweetDive": 0.0423,
      "likeTweetafterDive": 0.0184,
      "bookmarkAfterDive": 0.0029,
      "followOnProfile": 0.0011,
      "tweet": 0.0383,
      "idle": 0.1411
    },
    "inputMethods": {
      "wheelDown": 0.8218,
      "wheelUp": 0.0101,
      "space": 0.1681,
      "keysDown": 0,
      "keysUp": 0
    },
    "maxLike": 2,
    "maxFollow": 1,
    "theme": "dark"
  },
  {
    "id": "07-Balanced",
    "description": "Type: Balanced | Input: Mouse (87%) | Dive: 29.1% | Tweet: 2.7% | T-Dive: 0.0% Like: 0.65%",
    "timings": {
      "readingPhase": {
        "mean": 94161,
        "deviation": 42247
      },
      "scrollPause": {
        "mean": 1937,
        "deviation": 748
      },
      "actionSpecific": {
        "space": {
          "mean": 1005,
          "deviation": 102
        },
        "keys": {
          "mean": 104,
          "deviation": 46
        },
        "idle": {
          "mean": 15000,
          "deviation": 5000
        }
      }
    },
    "probabilities": {
      "refresh": 0.1648,
      "profileDive": 0.2912,
      "tweetDive": 0,
      "likeTweetafterDive": 0.0065,
      "bookmarkAfterDive": 0,
      "followOnProfile": 0.0045,
      "tweet": 0.0271,
      "idle": 0.0853
    },
    "inputMethods": {
      "wheelDown": 0.872,
      "wheelUp": 0.0464,
      "space": 0.0816,
      "keysDown": 0,
      "keysUp": 0
    },
    "maxLike": 2,
    "maxFollow": 1,
    "theme": "dark"
  },
  {
    "id": "08-Balanced",
    "description": "Type: Balanced | Input: Mouse (89%) | Dive: 53.4% | Tweet: 5.3% | T-Dive: 9.2% Like: 1.81%",
    "timings": {
      "readingPhase": {
        "mean": 102736,
        "deviation": 45126
      },
      "scrollPause": {
        "mean": 2016,
        "deviation": 795
      },
      "actionSpecific": {
        "space": {
          "mean": 1056,
          "deviation": 198
        },
        "keys": {
          "mean": 121,
          "deviation": 45
        },
        "idle": {
          "mean": 15000,
          "deviation": 5000
        }
      }
    },
    "probabilities": {
      "refresh": 0.1729,
      "profileDive": 0.5338,
      "tweetDive": 0.0919,
      "likeTweetafterDive": 0.0181,
      "bookmarkAfterDive": 0.0046,
      "followOnProfile": 0.0024,
      "tweet": 0.0527,
      "idle": 0.1585
    },
    "inputMethods": {
      "wheelDown": 0.8865,
      "wheelUp": 0.0469,
      "space": 0.0666,
      "keysDown": 0,
      "keysUp": 0
    },
    "maxLike": 2,
    "maxFollow": 1,
    "theme": "dark"
  },
  {
    "id": "09-Balanced",
    "description": "Type: Balanced | Input: Mouse (92%) | Dive: 18.3% | Tweet: 2.9% | T-Dive: 5.0% Like: 1.42%",
    "timings": {
      "readingPhase": {
        "mean": 134248,
        "deviation": 41310
      },
      "scrollPause": {
        "mean": 2279,
        "deviation": 808
      },
      "actionSpecific": {
        "space": {
          "mean": 1087,
          "deviation": 236
        },
        "keys": {
          "mean": 132,
          "deviation": 29
        },
        "idle": {
          "mean": 15000,
          "deviation": 5000
        }
      }
    },
    "probabilities": {
      "refresh": 0.1275,
      "profileDive": 0.183,
      "tweetDive": 0.0495,
      "likeTweetafterDive": 0.0142,
      "bookmarkAfterDive": 0.0098,
      "followOnProfile": 0.0032,
      "tweet": 0.0291,
      "idle": 0.1656
    },
    "inputMethods": {
      "wheelDown": 0.918,
      "wheelUp": 0.0489,
      "space": 0.0331,
      "keysDown": 0,
      "keysUp": 0
    },
    "maxLike": 2,
    "maxFollow": 1,
    "theme": "dark"
  },
  {
    "id": "10-Balanced",
    "description": "Type: Balanced | Input: Mouse (86%) | Dive: 30.7% | Tweet: 6.8% | T-Dive: 17.6% Like: 1.25%",
    "timings": {
      "readingPhase": {
        "mean": 133197,
        "deviation": 45517
      },
      "scrollPause": {
        "mean": 2119,
        "deviation": 824
      },
      "actionSpecific": {
        "space": {
          "mean": 1186,
          "deviation": 189
        },
        "keys": {
          "mean": 109,
          "deviation": 34
        },
        "idle": {
          "mean": 15000,
          "deviation": 5000
        }
      }
    },
    "probabilities": {
      "refresh": 0.0615,
      "profileDive": 0.3066,
      "tweetDive": 0.176,
      "likeTweetafterDive": 0.0125,
      "bookmarkAfterDive": 0,
      "followOnProfile": 0.003,
      "tweet": 0.0684,
      "idle": 0.1064
    },
    "inputMethods": {
      "wheelDown": 0.8644,
      "wheelUp": 0.0486,
      "space": 0.087,
      "keysDown": 0,
      "keysUp": 0
    },
    "maxLike": 2,
    "maxFollow": 1,
    "theme": "dark"
  },
  {
    "id": "11-Balanced",
    "description": "Type: Balanced | Input: Mouse (95%) | Dive: 38.9% | Tweet: 10.0% | T-Dive: 20.6% Like: 2.00%",
    "timings": {
      "readingPhase": {
        "mean": 130944,
        "deviation": 45811
      },
      "scrollPause": {
        "mean": 2375,
        "deviation": 783
      },
      "actionSpecific": {
        "space": {
          "mean": 1115,
          "deviation": 211
        },
        "keys": {
          "mean": 93,
          "deviation": 30
        },
        "idle": {
          "mean": 15000,
          "deviation": 5000
        }
      }
    },
    "probabilities": {
      "refresh": 0.0917,
      "profileDive": 0.3889,
      "tweetDive": 0.2065,
      "likeTweetafterDive": 0.02,
      "bookmarkAfterDive": 0.0023,
      "followOnProfile": 0.0038,
      "tweet": 0.1001,
      "idle": 0.0497
    },
    "inputMethods": {
      "wheelDown": 0.9467,
      "wheelUp": 0.0186,
      "space": 0.0347,
      "keysDown": 0,
      "keysUp": 0
    },
    "maxLike": 2,
    "maxFollow": 1,
    "theme": "dark"
  },
  {
    "id": "12-Balanced",
    "description": "Type: Balanced | Input: Mouse (80%) | Dive: 51.4% | Tweet: 5.7% | T-Dive: 11.7% Like: 1.46%",
    "timings": {
      "readingPhase": {
        "mean": 139734,
        "deviation": 44985
      },
      "scrollPause": {
        "mean": 1899,
        "deviation": 816
      },
      "actionSpecific": {
        "space": {
          "mean": 884,
          "deviation": 187
        },
        "keys": {
          "mean": 127,
          "deviation": 41
        },
        "idle": {
          "mean": 15000,
          "deviation": 5000
        }
      }
    },
    "probabilities": {
      "refresh": 0.1345,
      "profileDive": 0.5143,
      "tweetDive": 0.1173,
      "likeTweetafterDive": 0.0146,
      "bookmarkAfterDive": 0.0004,
      "followOnProfile": 0.0026,
      "tweet": 0.057,
      "idle": 0.0866
    },
    "inputMethods": {
      "wheelDown": 0.8046,
      "wheelUp": 0.0381,
      "space": 0.1572,
      "keysDown": 0,
      "keysUp": 0
    },
    "maxLike": 2,
    "maxFollow": 1,
    "theme": "dark"
  },
  {
    "id": "13-Balanced",
    "description": "Type: Balanced | Input: Mouse (82%) | Dive: 52.8% | Tweet: 7.4% | T-Dive: 7.1% Like: 1.43%",
    "timings": {
      "readingPhase": {
        "mean": 134376,
        "deviation": 41082
      },
      "scrollPause": {
        "mean": 1592,
        "deviation": 768
      },
      "actionSpecific": {
        "space": {
          "mean": 825,
          "deviation": 143
        },
        "keys": {
          "mean": 117,
          "deviation": 24
        },
        "idle": {
          "mean": 15000,
          "deviation": 5000
        }
      }
    },
    "probabilities": {
      "refresh": 0.1273,
      "profileDive": 0.5275,
      "tweetDive": 0.0713,
      "likeTweetafterDive": 0.0143,
      "bookmarkAfterDive": 0.0007,
      "followOnProfile": 0.0022,
      "tweet": 0.0743,
      "idle": 0.0716
    },
    "inputMethods": {
      "wheelDown": 0.8203,
      "wheelUp": 0.0235,
      "space": 0.1562,
      "keysDown": 0,
      "keysUp": 0
    },
    "maxLike": 2,
    "maxFollow": 1,
    "theme": "dark"
  },
  {
    "id": "14-Balanced",
    "description": "Type: Balanced | Input: Mouse (89%) | Dive: 16.8% | Tweet: 6.1% | T-Dive: 7.8% Like: 1.57%",
    "timings": {
      "readingPhase": {
        "mean": 118628,
        "deviation": 44039
      },
      "scrollPause": {
        "mean": 2046,
        "deviation": 810
      },
      "actionSpecific": {
        "space": {
          "mean": 1003,
          "deviation": 193
        },
        "keys": {
          "mean": 134,
          "deviation": 46
        },
        "idle": {
          "mean": 15000,
          "deviation": 5000
        }
      }
    },
    "probabilities": {
      "refresh": 0.1611,
      "profileDive": 0.1683,
      "tweetDive": 0.0776,
      "likeTweetafterDive": 0.0157,
      "bookmarkAfterDive": 0,
      "followOnProfile": 0.0032,
      "tweet": 0.0613,
      "idle": 0.009
    },
    "inputMethods": {
      "wheelDown": 0.8907,
      "wheelUp": 0.0465,
      "space": 0.0628,
      "keysDown": 0,
      "keysUp": 0
    },
    "maxLike": 2,
    "maxFollow": 1,
    "theme": "dark"
  },
  {
    "id": "15-Balanced",
    "description": "Type: Balanced | Input: Mouse (96%) | Dive: 7.2% | Tweet: 4.8% | T-Dive: 8.0% Like: 1.69%",
    "timings": {
      "readingPhase": {
        "mean": 113445,
        "deviation": 48335
      },
      "scrollPause": {
        "mean": 2330,
        "deviation": 834
      },
      "actionSpecific": {
        "space": {
          "mean": 984,
          "deviation": 116
        },
        "keys": {
          "mean": 108,
          "deviation": 24
        },
        "idle": {
          "mean": 15000,
          "deviation": 5000
        }
      }
    },
    "probabilities": {
      "refresh": 0.0788,
      "profileDive": 0.0718,
      "tweetDive": 0.0802,
      "likeTweetafterDive": 0.0169,
      "bookmarkAfterDive": 0.0008,
      "followOnProfile": 0.0018,
      "tweet": 0.0479,
      "idle": 0.1562
    },
    "inputMethods": {
      "wheelDown": 0.9584,
      "wheelUp": 0.0463,
      "space": 0,
      "keysDown": 0,
      "keysUp": 0
    },
    "maxLike": 2,
    "maxFollow": 1,
    "theme": "dark"
  },
  {
    "id": "16-Balanced",
    "description": "Type: Balanced | Input: Keys (88%) | Dive: 17.7% | Tweet: 7.5% | T-Dive: 11.8% Like: 1.53%",
    "timings": {
      "readingPhase": {
        "mean": 100972,
        "deviation": 48931
      },
      "scrollPause": {
        "mean": 1827,
        "deviation": 846
      },
      "actionSpecific": {
        "space": {
          "mean": 1035,
          "deviation": 245
        },
        "keys": {
          "mean": 90,
          "deviation": 27
        },
        "idle": {
          "mean": 15000,
          "deviation": 5000
        }
      }
    },
    "probabilities": {
      "refresh": 0.0438,
      "profileDive": 0.177,
      "tweetDive": 0.1185,
      "likeTweetafterDive": 0.0153,
      "bookmarkAfterDive": 0.0153,
      "followOnProfile": 0.0038,
      "tweet": 0.0746,
      "idle": 0.1302
    },
    "inputMethods": {
      "wheelDown": 0,
      "wheelUp": 0,
      "space": 0.1019,
      "keysDown": 0.8811,
      "keysUp": 0.017
    },
    "maxLike": 2,
    "maxFollow": 1,
    "theme": "dark"
  },
  {
    "id": "17-Balanced",
    "description": "Type: Balanced | Input: Mouse (82%) | Dive: 17.2% | Tweet: 5.4% | T-Dive: 4.9% Like: 1.34%",
    "timings": {
      "readingPhase": {
        "mean": 112240,
        "deviation": 44947
      },
      "scrollPause": {
        "mean": 1846,
        "deviation": 848
      },
      "actionSpecific": {
        "space": {
          "mean": 1108,
          "deviation": 217
        },
        "keys": {
          "mean": 122,
          "deviation": 27
        },
        "idle": {
          "mean": 15000,
          "deviation": 5000
        }
      }
    },
    "probabilities": {
      "refresh": 0.0874,
      "profileDive": 0.172,
      "tweetDive": 0.0485,
      "likeTweetafterDive": 0.0134,
      "bookmarkAfterDive": 0.0024,
      "followOnProfile": 0.005,
      "tweet": 0.0539,
      "idle": 0.097
    },
    "inputMethods": {
      "wheelDown": 0.8241,
      "wheelUp": 0.0359,
      "space": 0.14,
      "keysDown": 0,
      "keysUp": 0
    },
    "maxLike": 2,
    "maxFollow": 1,
    "theme": "dark"
  },
  {
    "id": "18-Balanced",
    "description": "Type: Balanced | Input: Mouse (85%) | Dive: 39.1% | Tweet: 3.1% | T-Dive: 12.7% Like: 1.29%",
    "timings": {
      "readingPhase": {
        "mean": 132398,
        "deviation": 43036
      },
      "scrollPause": {
        "mean": 1636,
        "deviation": 707
      },
      "actionSpecific": {
        "space": {
          "mean": 905,
          "deviation": 126
        },
        "keys": {
          "mean": 120,
          "deviation": 45
        },
        "idle": {
          "mean": 15000,
          "deviation": 5000
        }
      }
    },
    "probabilities": {
      "refresh": 0.1255,
      "profileDive": 0.3912,
      "tweetDive": 0.1269,
      "likeTweetafterDive": 0.0129,
      "bookmarkAfterDive": 0.013,
      "followOnProfile": 0.0018,
      "tweet": 0.0313,
      "idle": 0.0632
    },
    "inputMethods": {
      "wheelDown": 0.851,
      "wheelUp": 0.0257,
      "space": 0.1233,
      "keysDown": 0,
      "keysUp": 0
    },
    "maxLike": 2,
    "maxFollow": 1,
    "theme": "dark"
  },
  {
    "id": "19-Balanced",
    "description": "Type: Balanced | Input: Mouse (93%) | Dive: 17.1% | Tweet: 2.9% | T-Dive: 11.7% Like: 1.16%",
    "timings": {
      "readingPhase": {
        "mean": 120021,
        "deviation": 46854
      },
      "scrollPause": {
        "mean": 1634,
        "deviation": 759
      },
      "actionSpecific": {
        "space": {
          "mean": 1126,
          "deviation": 234
        },
        "keys": {
          "mean": 80,
          "deviation": 22
        },
        "idle": {
          "mean": 15000,
          "deviation": 5000
        }
      }
    },
    "probabilities": {
      "refresh": 0.1705,
      "profileDive": 0.1706,
      "tweetDive": 0.1173,
      "likeTweetafterDive": 0.0116,
      "bookmarkAfterDive": 0.0006,
      "followOnProfile": 0.0032,
      "tweet": 0.0294,
      "idle": 0.154
    },
    "inputMethods": {
      "wheelDown": 0.9275,
      "wheelUp": 0.0102,
      "space": 0.0622,
      "keysDown": 0,
      "keysUp": 0
    },
    "maxLike": 2,
    "maxFollow": 1,
    "theme": "dark"
  },
  {
    "id": "20-Balanced",
    "description": "Type: Balanced | Input: Mouse (91%) | Dive: 20.6% | Tweet: 4.5% | T-Dive: 10.4% Like: 1.39%",
    "timings": {
      "readingPhase": {
        "mean": 115798,
        "deviation": 43373
      },
      "scrollPause": {
        "mean": 1895,
        "deviation": 848
      },
      "actionSpecific": {
        "space": {
          "mean": 909,
          "deviation": 247
        },
        "keys": {
          "mean": 91,
          "deviation": 28
        },
        "idle": {
          "mean": 15000,
          "deviation": 5000
        }
      }
    },
    "probabilities": {
      "refresh": 0.0908,
      "profileDive": 0.2056,
      "tweetDive": 0.104,
      "likeTweetafterDive": 0.0139,
      "bookmarkAfterDive": 0,
      "followOnProfile": 0.0051,
      "tweet": 0.0455,
      "idle": 0.0838
    },
    "inputMethods": {
      "wheelDown": 0.9101,
      "wheelUp": 0.0233,
      "space": 0.0666,
      "keysDown": 0,
      "keysUp": 0
    },
    "maxLike": 2,
    "maxFollow": 1,
    "theme": "dark"
  },
  {
    "id": "21-Balanced",
    "description": "Type: Balanced | Input: Mouse (88%) | Dive: 26.3% | Tweet: 3.3% | T-Dive: 13.4% Like: 1.54%",
    "timings": {
      "readingPhase": {
        "mean": 117058,
        "deviation": 38354
      },
      "scrollPause": {
        "mean": 1952,
        "deviation": 804
      },
      "actionSpecific": {
        "space": {
          "mean": 1127,
          "deviation": 255
        },
        "keys": {
          "mean": 109,
          "deviation": 40
        },
        "idle": {
          "mean": 15000,
          "deviation": 5000
        }
      }
    },
    "probabilities": {
      "refresh": 0.0529,
      "profileDive": 0.2633,
      "tweetDive": 0.1341,
      "likeTweetafterDive": 0.0154,
      "bookmarkAfterDive": 0.0066,
      "followOnProfile": 0.0042,
      "tweet": 0.0329,
      "idle": 0.0969
    },
    "inputMethods": {
      "wheelDown": 0.8801,
      "wheelUp": 0.0484,
      "space": 0.0715,
      "keysDown": 0,
      "keysUp": 0
    },
    "maxLike": 2,
    "maxFollow": 1,
    "theme": "dark"
  },
  {
    "id": "22-Balanced",
    "description": "Type: Balanced | Input: Mouse (80%) | Dive: 19.6% | Tweet: 4.0% | T-Dive: 12.2% Like: 1.64%",
    "timings": {
      "readingPhase": {
        "mean": 116851,
        "deviation": 45073
      },
      "scrollPause": {
        "mean": 1941,
        "deviation": 824
      },
      "actionSpecific": {
        "space": {
          "mean": 998,
          "deviation": 167
        },
        "keys": {
          "mean": 99,
          "deviation": 37
        },
        "idle": {
          "mean": 15000,
          "deviation": 5000
        }
      }
    },
    "probabilities": {
      "refresh": 0.1523,
      "profileDive": 0.196,
      "tweetDive": 0.1222,
      "likeTweetafterDive": 0.0164,
      "bookmarkAfterDive": 0.0177,
      "followOnProfile": 0.0011,
      "tweet": 0.0404,
      "idle": 0.0441
    },
    "inputMethods": {
      "wheelDown": 0.7952,
      "wheelUp": 0.0234,
      "space": 0.1814,
      "keysDown": 0,
      "keysUp": 0
    },
    "maxLike": 2,
    "maxFollow": 1,
    "theme": "dark"
  },
  {
    "id": "23-Balanced",
    "description": "Type: Balanced | Input: Mouse (98%) | Dive: 18.6% | Tweet: 2.3% | T-Dive: 5.9% Like: 1.42%",
    "timings": {
      "readingPhase": {
        "mean": 121028,
        "deviation": 44023
      },
      "scrollPause": {
        "mean": 2140,
        "deviation": 832
      },
      "actionSpecific": {
        "space": {
          "mean": 1071,
          "deviation": 137
        },
        "keys": {
          "mean": 118,
          "deviation": 27
        },
        "idle": {
          "mean": 15000,
          "deviation": 5000
        }
      }
    },
    "probabilities": {
      "refresh": 0.1802,
      "profileDive": 0.1864,
      "tweetDive": 0.0591,
      "likeTweetafterDive": 0.0142,
      "bookmarkAfterDive": 0.0105,
      "followOnProfile": 0.0044,
      "tweet": 0.0228,
      "idle": 0.0817
    },
    "inputMethods": {
      "wheelDown": 0.9769,
      "wheelUp": 0.0405,
      "space": 0,
      "keysDown": 0,
      "keysUp": 0
    },
    "maxLike": 2,
    "maxFollow": 1,
    "theme": "dark"
  },
  {
    "id": "24-Balanced",
    "description": "Type: Balanced | Input: Mouse (87%) | Dive: 42.8% | Tweet: 3.5% | T-Dive: 8.7% Like: 2.00%",
    "timings": {
      "readingPhase": {
        "mean": 115493,
        "deviation": 44586
      },
      "scrollPause": {
        "mean": 2338,
        "deviation": 739
      },
      "actionSpecific": {
        "space": {
          "mean": 869,
          "deviation": 180
        },
        "keys": {
          "mean": 109,
          "deviation": 38
        },
        "idle": {
          "mean": 15000,
          "deviation": 5000
        }
      }
    },
    "probabilities": {
      "refresh": 0.1793,
      "profileDive": 0.4277,
      "tweetDive": 0.0869,
      "likeTweetafterDive": 0.02,
      "bookmarkAfterDive": 0.0018,
      "followOnProfile": 0.0027,
      "tweet": 0.0347,
      "idle": 0.0521
    },
    "inputMethods": {
      "wheelDown": 0.8657,
      "wheelUp": 0.029,
      "space": 0.1053,
      "keysDown": 0,
      "keysUp": 0
    },
    "maxLike": 2,
    "maxFollow": 1,
    "theme": "dark"
  },
  {
    "id": "25-Balanced",
    "description": "Type: Balanced | Input: Mouse (90%) | Dive: 30.8% | Tweet: 6.6% | T-Dive: 15.4% Like: 1.33%",
    "timings": {
      "readingPhase": {
        "mean": 111958,
        "deviation": 44361
      },
      "scrollPause": {
        "mean": 2108,
        "deviation": 848
      },
      "actionSpecific": {
        "space": {
          "mean": 1050,
          "deviation": 145
        },
        "keys": {
          "mean": 142,
          "deviation": 30
        },
        "idle": {
          "mean": 15000,
          "deviation": 5000
        }
      }
    },
    "probabilities": {
      "refresh": 0.141,
      "profileDive": 0.3079,
      "tweetDive": 0.154,
      "likeTweetafterDive": 0.0133,
      "bookmarkAfterDive": 0.0058,
      "followOnProfile": 0.0025,
      "tweet": 0.0661,
      "idle": 0.0727
    },
    "inputMethods": {
      "wheelDown": 0.9001,
      "wheelUp": 0.0412,
      "space": 0.0587,
      "keysDown": 0,
      "keysUp": 0
    },
    "maxLike": 2,
    "maxFollow": 1,
    "theme": "dark"
  },
  {
    "id": "26-Balanced",
    "description": "Type: Balanced | Input: Keys (82%) | Dive: 14.7% | Tweet: 5.9% | T-Dive: 15.3% Like: 1.64%",
    "timings": {
      "readingPhase": {
        "mean": 129969,
        "deviation": 47907
      },
      "scrollPause": {
        "mean": 2136,
        "deviation": 742
      },
      "actionSpecific": {
        "space": {
          "mean": 984,
          "deviation": 259
        },
        "keys": {
          "mean": 120,
          "deviation": 49
        },
        "idle": {
          "mean": 15000,
          "deviation": 5000
        }
      }
    },
    "probabilities": {
      "refresh": 0,
      "profileDive": 0.1468,
      "tweetDive": 0.1532,
      "likeTweetafterDive": 0.0164,
      "bookmarkAfterDive": 0,
      "followOnProfile": 0.0046,
      "tweet": 0.0595,
      "idle": 0.0829
    },
    "inputMethods": {
      "wheelDown": 0,
      "wheelUp": 0,
      "space": 0.1553,
      "keysDown": 0.8209,
      "keysUp": 0.0238
    },
    "maxLike": 2,
    "maxFollow": 1,
    "theme": "dark"
  },
  {
    "id": "27-Balanced",
    "description": "Type: Balanced | Input: Mouse (93%) | Dive: 20.3% | Tweet: 2.7% | T-Dive: 0.3% Like: 2.00%",
    "timings": {
      "readingPhase": {
        "mean": 122129,
        "deviation": 48322
      },
      "scrollPause": {
        "mean": 1710,
        "deviation": 933
      },
      "actionSpecific": {
        "space": {
          "mean": 1109,
          "deviation": 263
        },
        "keys": {
          "mean": 146,
          "deviation": 36
        },
        "idle": {
          "mean": 15000,
          "deviation": 5000
        }
      }
    },
    "probabilities": {
      "refresh": 0.0983,
      "profileDive": 0.2029,
      "tweetDive": 0.0032,
      "likeTweetafterDive": 0.02,
      "bookmarkAfterDive": 0.0082,
      "followOnProfile": 0.0049,
      "tweet": 0.027,
      "idle": 0.1778
    },
    "inputMethods": {
      "wheelDown": 0.9276,
      "wheelUp": 0.0274,
      "space": 0.045,
      "keysDown": 0,
      "keysUp": 0
    },
    "maxLike": 2,
    "maxFollow": 1,
    "theme": "dark"
  },
  {
    "id": "28-Balanced",
    "description": "Type: Balanced | Input: Mouse (86%) | Dive: 42.4% | Tweet: 4.7% | T-Dive: 9.0% Like: 1.59%",
    "timings": {
      "readingPhase": {
        "mean": 125131,
        "deviation": 48447
      },
      "scrollPause": {
        "mean": 1724,
        "deviation": 705
      },
      "actionSpecific": {
        "space": {
          "mean": 834,
          "deviation": 199
        },
        "keys": {
          "mean": 117,
          "deviation": 25
        },
        "idle": {
          "mean": 15000,
          "deviation": 5000
        }
      }
    },
    "probabilities": {
      "refresh": 0.1397,
      "profileDive": 0.4243,
      "tweetDive": 0.0898,
      "likeTweetafterDive": 0.0159,
      "bookmarkAfterDive": 0.0117,
      "followOnProfile": 0.0044,
      "tweet": 0.0467,
      "idle": 0.1125
    },
    "inputMethods": {
      "wheelDown": 0.8606,
      "wheelUp": 0.034,
      "space": 0.1054,
      "keysDown": 0,
      "keysUp": 0
    },
    "maxLike": 2,
    "maxFollow": 1,
    "theme": "dark"
  },
  {
    "id": "29-Balanced",
    "description": "Type: Balanced | Input: Mouse (91%) | Dive: 39.0% | Tweet: 2.4% | T-Dive: 18.0% Like: 1.50%",
    "timings": {
      "readingPhase": {
        "mean": 118637,
        "deviation": 45298
      },
      "scrollPause": {
        "mean": 1833,
        "deviation": 782
      },
      "actionSpecific": {
        "space": {
          "mean": 961,
          "deviation": 255
        },
        "keys": {
          "mean": 142,
          "deviation": 28
        },
        "idle": {
          "mean": 15000,
          "deviation": 5000
        }
      }
    },
    "probabilities": {
      "refresh": 0.0225,
      "profileDive": 0.3899,
      "tweetDive": 0.1797,
      "likeTweetafterDive": 0.015,
      "bookmarkAfterDive": 0.0036,
      "followOnProfile": 0.0032,
      "tweet": 0.0242,
      "idle": 0.1543
    },
    "inputMethods": {
      "wheelDown": 0.9058,
      "wheelUp": 0.0344,
      "space": 0.0598,
      "keysDown": 0,
      "keysUp": 0
    },
    "maxLike": 2,
    "maxFollow": 1,
    "theme": "dark"
  },
  {
    "id": "30-Balanced",
    "description": "Type: Balanced | Input: Mouse (91%) | Dive: 25.8% | Tweet: 3.1% | T-Dive: 14.5% Like: 1.74%",
    "timings": {
      "readingPhase": {
        "mean": 110943,
        "deviation": 47055
      },
      "scrollPause": {
        "mean": 1853,
        "deviation": 799
      },
      "actionSpecific": {
        "space": {
          "mean": 1176,
          "deviation": 137
        },
        "keys": {
          "mean": 105,
          "deviation": 49
        },
        "idle": {
          "mean": 15000,
          "deviation": 5000
        }
      }
    },
    "probabilities": {
      "refresh": 0.0858,
      "profileDive": 0.2583,
      "tweetDive": 0.1447,
      "likeTweetafterDive": 0.0174,
      "bookmarkAfterDive": 0.0027,
      "followOnProfile": 0.0033,
      "tweet": 0.031,
      "idle": 0.2279
    },
    "inputMethods": {
      "wheelDown": 0.9063,
      "wheelUp": 0.0456,
      "space": 0.0481,
      "keysDown": 0,
      "keysUp": 0
    },
    "maxLike": 2,
    "maxFollow": 1,
    "theme": "dark"
  },
  {
    "id": "31-DeepDiver",
    "description": "Type: DeepDiver | Input: Mouse (85%) | Dive: 43.6% | Tweet: 1.5% | T-Dive: 20.2% Like: 1.44%",
    "timings": {
      "readingPhase": {
        "mean": 198250,
        "deviation": 70556
      },
      "scrollPause": {
        "mean": 4207,
        "deviation": 1443
      },
      "actionSpecific": {
        "space": {
          "mean": 1169,
          "deviation": 126
        },
        "keys": {
          "mean": 141,
          "deviation": 39
        },
        "idle": {
          "mean": 15000,
          "deviation": 5000
        }
      }
    },
    "probabilities": {
      "refresh": 0.0417,
      "profileDive": 0.4364,
      "tweetDive": 0.202,
      "likeTweetafterDive": 0.0144,
      "bookmarkAfterDive": 0.0208,
      "followOnProfile": 0.0062,
      "tweet": 0.0152,
      "idle": 0.1732
    },
    "inputMethods": {
      "wheelDown": 0.8471,
      "wheelUp": 0.011,
      "space": 0.1419,
      "keysDown": 0,
      "keysUp": 0
    },
    "maxLike": 2,
    "maxFollow": 1,
    "theme": "dark"
  },
  {
    "id": "32-DeepDiver",
    "description": "Type: DeepDiver | Input: Mouse (83%) | Dive: 63.6% | Tweet: 0.0% | T-Dive: 14.3% Like: 1.22%",
    "timings": {
      "readingPhase": {
        "mean": 193120,
        "deviation": 72839
      },
      "scrollPause": {
        "mean": 3850,
        "deviation": 1481
      },
      "actionSpecific": {
        "space": {
          "mean": 820,
          "deviation": 151
        },
        "keys": {
          "mean": 113,
          "deviation": 35
        },
        "idle": {
          "mean": 15000,
          "deviation": 5000
        }
      }
    },
    "probabilities": {
      "refresh": 0.0149,
      "profileDive": 0.6361,
      "tweetDive": 0.1428,
      "likeTweetafterDive": 0.0122,
      "bookmarkAfterDive": 0.0165,
      "followOnProfile": 0.0034,
      "tweet": 0,
      "idle": 0.1368
    },
    "inputMethods": {
      "wheelDown": 0.8327,
      "wheelUp": 0.0335,
      "space": 0.1338,
      "keysDown": 0,
      "keysUp": 0
    },
    "maxLike": 2,
    "maxFollow": 1,
    "theme": "dark"
  },
  {
    "id": "33-DeepDiver",
    "description": "Type: DeepDiver | Input: Mouse (81%) | Dive: 66.9% | Tweet: 3.0% | T-Dive: 18.5% Like: 1.68%",
    "timings": {
      "readingPhase": {
        "mean": 205174,
        "deviation": 67830
      },
      "scrollPause": {
        "mean": 4026,
        "deviation": 1442
      },
      "actionSpecific": {
        "space": {
          "mean": 1042,
          "deviation": 270
        },
        "keys": {
          "mean": 149,
          "deviation": 29
        },
        "idle": {
          "mean": 15000,
          "deviation": 5000
        }
      }
    },
    "probabilities": {
      "refresh": 0.0215,
      "profileDive": 0.669,
      "tweetDive": 0.1846,
      "likeTweetafterDive": 0.0168,
      "bookmarkAfterDive": 0.0199,
      "followOnProfile": 0.005,
      "tweet": 0.0304,
      "idle": 0.0834
    },
    "inputMethods": {
      "wheelDown": 0.8132,
      "wheelUp": 0.0413,
      "space": 0.1454,
      "keysDown": 0,
      "keysUp": 0
    },
    "maxLike": 2,
    "maxFollow": 1,
    "theme": "dark"
  },
  {
    "id": "34-DeepDiver",
    "description": "Type: DeepDiver | Input: Mouse (79%) | Dive: 65.5% | Tweet: 0.6% | T-Dive: 24.2% Like: 1.28%",
    "timings": {
      "readingPhase": {
        "mean": 194007,
        "deviation": 66277
      },
      "scrollPause": {
        "mean": 4170,
        "deviation": 1549
      },
      "actionSpecific": {
        "space": {
          "mean": 972,
          "deviation": 165
        },
        "keys": {
          "mean": 118,
          "deviation": 22
        },
        "idle": {
          "mean": 15000,
          "deviation": 5000
        }
      }
    },
    "probabilities": {
      "refresh": 0.0619,
      "profileDive": 0.6546,
      "tweetDive": 0.2417,
      "likeTweetafterDive": 0.0128,
      "bookmarkAfterDive": 0.0168,
      "followOnProfile": 0.0044,
      "tweet": 0.0064,
      "idle": 0.0658
    },
    "inputMethods": {
      "wheelDown": 0.7875,
      "wheelUp": 0.0412,
      "space": 0.1713,
      "keysDown": 0,
      "keysUp": 0
    },
    "maxLike": 2,
    "maxFollow": 1,
    "theme": "dark"
  },
  {
    "id": "35-Lurker",
    "description": "Type: Lurker | Input: Keys (82%) | Dive: 0.0% | Tweet: 1.4% | T-Dive: 13.1% Like: 0.89%",
    "timings": {
      "readingPhase": {
        "mean": 249608,
        "deviation": 86075
      },
      "scrollPause": {
        "mean": 2917,
        "deviation": 931
      },
      "actionSpecific": {
        "space": {
          "mean": 806,
          "deviation": 173
        },
        "keys": {
          "mean": 142,
          "deviation": 39
        },
        "idle": {
          "mean": 15000,
          "deviation": 5000
        }
      }
    },
    "probabilities": {
      "refresh": 0.0663,
      "profileDive": 0,
      "tweetDive": 0.1307,
      "likeTweetafterDive": 0.0089,
      "bookmarkAfterDive": 0.0305,
      "followOnProfile": 0.0023,
      "tweet": 0.0144,
      "idle": 0.1117
    },
    "inputMethods": {
      "wheelDown": 0,
      "wheelUp": 0,
      "space": 0.1565,
      "keysDown": 0.8183,
      "keysUp": 0.0252
    },
    "maxLike": 2,
    "maxFollow": 1,
    "theme": "dark"
  },
  {
    "id": "36-Lurker",
    "description": "Type: Lurker | Input: Mouse (85%) | Dive: 19.5% | Tweet: 0.0% | T-Dive: 15.7% Like: 0.50%",
    "timings": {
      "readingPhase": {
        "mean": 234643,
        "deviation": 89651
      },
      "scrollPause": {
        "mean": 3260,
        "deviation": 1031
      },
      "actionSpecific": {
        "space": {
          "mean": 860,
          "deviation": 199
        },
        "keys": {
          "mean": 107,
          "deviation": 42
        },
        "idle": {
          "mean": 15000,
          "deviation": 5000
        }
      }
    },
    "probabilities": {
      "refresh": 0.0874,
      "profileDive": 0.1948,
      "tweetDive": 0.1574,
      "likeTweetafterDive": 0.005,
      "bookmarkAfterDive": 0.0285,
      "followOnProfile": 0,
      "tweet": 0,
      "idle": 0.1109
    },
    "inputMethods": {
      "wheelDown": 0.8512,
      "wheelUp": 0.0191,
      "space": 0.1297,
      "keysDown": 0,
      "keysUp": 0
    },
    "maxLike": 2,
    "maxFollow": 1,
    "theme": "dark"
  },
  {
    "id": "37-Lurker",
    "description": "Type: Lurker | Input: Keys (80%) | Dive: 21.3% | Tweet: 0.8% | T-Dive: 16.4% Like: 0.72%",
    "timings": {
      "readingPhase": {
        "mean": 263150,
        "deviation": 88264
      },
      "scrollPause": {
        "mean": 2875,
        "deviation": 869
      },
      "actionSpecific": {
        "space": {
          "mean": 906,
          "deviation": 178
        },
        "keys": {
          "mean": 117,
          "deviation": 28
        },
        "idle": {
          "mean": 15000,
          "deviation": 5000
        }
      }
    },
    "probabilities": {
      "refresh": 0.0119,
      "profileDive": 0.2125,
      "tweetDive": 0.164,
      "likeTweetafterDive": 0.0072,
      "bookmarkAfterDive": 0.0331,
      "followOnProfile": 0.0006,
      "tweet": 0.0076,
      "idle": 0.0625
    },
    "inputMethods": {
      "wheelDown": 0,
      "wheelUp": 0,
      "space": 0.1694,
      "keysDown": 0.7998,
      "keysUp": 0.0307
    },
    "maxLike": 2,
    "maxFollow": 1,
    "theme": "dark"
  },
  {
    "id": "38-Lurker",
    "description": "Type: Lurker | Input: Mouse (92%) | Dive: 0.0% | Tweet: 0.4% | T-Dive: 15.2% Like: 0.50%",
    "timings": {
      "readingPhase": {
        "mean": 253491,
        "deviation": 89167
      },
      "scrollPause": {
        "mean": 3311,
        "deviation": 1008
      },
      "actionSpecific": {
        "space": {
          "mean": 948,
          "deviation": 274
        },
        "keys": {
          "mean": 144,
          "deviation": 31
        },
        "idle": {
          "mean": 15000,
          "deviation": 5000
        }
      }
    },
    "probabilities": {
      "refresh": 0.0484,
      "profileDive": 0,
      "tweetDive": 0.1521,
      "likeTweetafterDive": 0.005,
      "bookmarkAfterDive": 0.0296,
      "followOnProfile": 0.0025,
      "tweet": 0.004,
      "idle": 0.0257
    },
    "inputMethods": {
      "wheelDown": 0.9225,
      "wheelUp": 0.0455,
      "space": 0.032,
      "keysDown": 0,
      "keysUp": 0
    },
    "maxLike": 2,
    "maxFollow": 1,
    "theme": "dark"
  },
  {
    "id": "39-DoomScroller",
    "description": "Type: DoomScroller | Input: Mouse (98%) | Dive: 3.8% | Tweet: 0.0% | T-Dive: 2.8% Like: 1.58%",
    "timings": {
      "readingPhase": {
        "mean": 30412,
        "deviation": 13863
      },
      "scrollPause": {
        "mean": 893,
        "deviation": 161
      },
      "actionSpecific": {
        "space": {
          "mean": 1037,
          "deviation": 118
        },
        "keys": {
          "mean": 109,
          "deviation": 31
        },
        "idle": {
          "mean": 15000,
          "deviation": 5000
        }
      }
    },
    "probabilities": {
      "refresh": 0.0241,
      "profileDive": 0.0381,
      "tweetDive": 0.0282,
      "likeTweetafterDive": 0.0158,
      "bookmarkAfterDive": 0.0068,
      "followOnProfile": 0,
      "tweet": 0,
      "idle": 0.1253
    },
    "inputMethods": {
      "wheelDown": 0.9842,
      "wheelUp": 0.0308,
      "space": 0,
      "keysDown": 0,
      "keysUp": 0
    },
    "maxLike": 2,
    "maxFollow": 1,
    "theme": "dark"
  },
  {
    "id": "40-DoomScroller",
    "description": "Type: DoomScroller | Input: Mouse (96%) | Dive: 0.0% | Tweet: 2.7% | T-Dive: 0.0% Like: 0.63%",
    "timings": {
      "readingPhase": {
        "mean": 42509,
        "deviation": 11354
      },
      "scrollPause": {
        "mean": 758,
        "deviation": 273
      },
      "actionSpecific": {
        "space": {
          "mean": 1104,
          "deviation": 241
        },
        "keys": {
          "mean": 89,
          "deviation": 44
        },
        "idle": {
          "mean": 15000,
          "deviation": 5000
        }
      }
    },
    "probabilities": {
      "refresh": 0.0539,
      "profileDive": 0,
      "tweetDive": 0,
      "likeTweetafterDive": 0.0063,
      "bookmarkAfterDive": 0.0064,
      "followOnProfile": 0,
      "tweet": 0.0274,
      "idle": 0.1086
    },
    "inputMethods": {
      "wheelDown": 0.9592,
      "wheelUp": 0.0428,
      "space": 0,
      "keysDown": 0,
      "keysUp": 0
    },
    "maxLike": 2,
    "maxFollow": 1,
    "theme": "dark"
  },
  {
    "id": "41-DoomScroller",
    "description": "Type: DoomScroller | Input: Mouse (95%) | Dive: 12.7% | Tweet: 0.0% | T-Dive: 10.4% Like: 0.50%",
    "timings": {
      "readingPhase": {
        "mean": 34968,
        "deviation": 11518
      },
      "scrollPause": {
        "mean": 650,
        "deviation": 256
      },
      "actionSpecific": {
        "space": {
          "mean": 1140,
          "deviation": 258
        },
        "keys": {
          "mean": 133,
          "deviation": 48
        },
        "idle": {
          "mean": 15000,
          "deviation": 5000
        }
      }
    },
    "probabilities": {
      "refresh": 0.0302,
      "profileDive": 0.1274,
      "tweetDive": 0.1038,
      "likeTweetafterDive": 0.005,
      "bookmarkAfterDive": 0.0058,
      "followOnProfile": 0.0017,
      "tweet": 0,
      "idle": 0.2096
    },
    "inputMethods": {
      "wheelDown": 0.9487,
      "wheelUp": 0.0171,
      "space": 0.0343,
      "keysDown": 0,
      "keysUp": 0
    },
    "maxLike": 2,
    "maxFollow": 1,
    "theme": "dark"
  },
  {
    "id": "42-DoomScroller",
    "description": "Type: DoomScroller | Input: Mouse (95%) | Dive: 12.8% | Tweet: 0.4% | T-Dive: 2.3% Like: 0.62%",
    "timings": {
      "readingPhase": {
        "mean": 23008,
        "deviation": 9033
      },
      "scrollPause": {
        "mean": 586,
        "deviation": 213
      },
      "actionSpecific": {
        "space": {
          "mean": 1058,
          "deviation": 257
        },
        "keys": {
          "mean": 140,
          "deviation": 24
        },
        "idle": {
          "mean": 15000,
          "deviation": 5000
        }
      }
    },
    "probabilities": {
      "refresh": 0.1637,
      "profileDive": 0.1285,
      "tweetDive": 0.0228,
      "likeTweetafterDive": 0.0062,
      "bookmarkAfterDive": 0.0045,
      "followOnProfile": 0.0016,
      "tweet": 0.0044,
      "idle": 0.0923
    },
    "inputMethods": {
      "wheelDown": 0.9521,
      "wheelUp": 0.0381,
      "space": 0.0098,
      "keysDown": 0,
      "keysUp": 0
    },
    "maxLike": 2,
    "maxFollow": 1,
    "theme": "dark"
  },
  {
    "id": "43-NewsJunkie",
    "description": "Type: NewsJunkie | Input: Mouse (95%) | Dive: 11.3% | Tweet: 12.5% | T-Dive: 33.1% Like: 0.74%",
    "timings": {
      "readingPhase": {
        "mean": 47337,
        "deviation": 17469
      },
      "scrollPause": {
        "mean": 1074,
        "deviation": 392
      },
      "actionSpecific": {
        "space": {
          "mean": 887,
          "deviation": 157
        },
        "keys": {
          "mean": 110,
          "deviation": 44
        },
        "idle": {
          "mean": 15000,
          "deviation": 5000
        }
      }
    },
    "probabilities": {
      "refresh": 0.6025,
      "profileDive": 0.113,
      "tweetDive": 0.331,
      "likeTweetafterDive": 0.0074,
      "bookmarkAfterDive": 0.0238,
      "followOnProfile": 0.01,
      "tweet": 0.1253,
      "idle": 0
    },
    "inputMethods": {
      "wheelDown": 0.9531,
      "wheelUp": 0.0476,
      "space": 0,
      "keysDown": 0,
      "keysUp": 0
    },
    "maxLike": 2,
    "maxFollow": 1,
    "theme": "dark"
  },
  {
    "id": "44-NewsJunkie",
    "description": "Type: NewsJunkie | Input: Mouse (85%) | Dive: 16.3% | Tweet: 12.2% | T-Dive: 35.8% Like: 0.58%",
    "timings": {
      "readingPhase": {
        "mean": 26370,
        "deviation": 13486
      },
      "scrollPause": {
        "mean": 1190,
        "deviation": 304
      },
      "actionSpecific": {
        "space": {
          "mean": 1115,
          "deviation": 260
        },
        "keys": {
          "mean": 134,
          "deviation": 43
        },
        "idle": {
          "mean": 15000,
          "deviation": 5000
        }
      }
    },
    "probabilities": {
      "refresh": 0.5675,
      "profileDive": 0.1626,
      "tweetDive": 0.3576,
      "likeTweetafterDive": 0.0058,
      "bookmarkAfterDive": 0.0325,
      "followOnProfile": 0.01,
      "tweet": 0.122,
      "idle": 0.1198
    },
    "inputMethods": {
      "wheelDown": 0.852,
      "wheelUp": 0.0428,
      "space": 0.1052,
      "keysDown": 0,
      "keysUp": 0
    },
    "maxLike": 2,
    "maxFollow": 1,
    "theme": "dark"
  },
  {
    "id": "45-NewsJunkie",
    "description": "Type: NewsJunkie | Input: Mouse (89%) | Dive: 18.6% | Tweet: 15.9% | T-Dive: 26.1% Like: 1.78%",
    "timings": {
      "readingPhase": {
        "mean": 36434,
        "deviation": 15445
      },
      "scrollPause": {
        "mean": 1013,
        "deviation": 417
      },
      "actionSpecific": {
        "space": {
          "mean": 1121,
          "deviation": 211
        },
        "keys": {
          "mean": 119,
          "deviation": 48
        },
        "idle": {
          "mean": 15000,
          "deviation": 5000
        }
      }
    },
    "probabilities": {
      "refresh": 0.4728,
      "profileDive": 0.1861,
      "tweetDive": 0.2611,
      "likeTweetafterDive": 0.0178,
      "bookmarkAfterDive": 0.0252,
      "followOnProfile": 0.0095,
      "tweet": 0.1592,
      "idle": 0.1539
    },
    "inputMethods": {
      "wheelDown": 0.8873,
      "wheelUp": 0.0384,
      "space": 0.0743,
      "keysDown": 0,
      "keysUp": 0
    },
    "maxLike": 2,
    "maxFollow": 1,
    "theme": "dark"
  },
  {
    "id": "46-NewsJunkie",
    "description": "Type: NewsJunkie | Input: Mouse (89%) | Dive: 6.3% | Tweet: 15.1% | T-Dive: 28.7% Like: 0.52%",
    "timings": {
      "readingPhase": {
        "mean": 43017,
        "deviation": 16494
      },
      "scrollPause": {
        "mean": 822,
        "deviation": 333
      },
      "actionSpecific": {
        "space": {
          "mean": 878,
          "deviation": 127
        },
        "keys": {
          "mean": 113,
          "deviation": 28
        },
        "idle": {
          "mean": 15000,
          "deviation": 5000
        }
      }
    },
    "probabilities": {
      "refresh": 0.6284,
      "profileDive": 0.0626,
      "tweetDive": 0.2868,
      "likeTweetafterDive": 0.0052,
      "bookmarkAfterDive": 0.0311,
      "followOnProfile": 0.0094,
      "tweet": 0.1512,
      "idle": 0.0997
    },
    "inputMethods": {
      "wheelDown": 0.8897,
      "wheelUp": 0.0166,
      "space": 0.0937,
      "keysDown": 0,
      "keysUp": 0
    },
    "maxLike": 2,
    "maxFollow": 1,
    "theme": "dark"
  },
  {
    "id": "47-Stalker",
    "description": "Type: Stalker | Input: Mouse (79%) | Dive: 80.0% | Tweet: 2.0% | T-Dive: 14.1% Like: 0.60%",
    "timings": {
      "readingPhase": {
        "mean": 119893,
        "deviation": 40976
      },
      "scrollPause": {
        "mean": 1875,
        "deviation": 783
      },
      "actionSpecific": {
        "space": {
          "mean": 1177,
          "deviation": 207
        },
        "keys": {
          "mean": 91,
          "deviation": 42
        },
        "idle": {
          "mean": 15000,
          "deviation": 5000
        }
      }
    },
    "probabilities": {
      "refresh": 0.1938,
      "profileDive": 0.8,
      "tweetDive": 0.141,
      "likeTweetafterDive": 0.006,
      "bookmarkAfterDive": 0,
      "followOnProfile": 0.01,
      "tweet": 0.0204,
      "idle": 0.021
    },
    "inputMethods": {
      "wheelDown": 0.7941,
      "wheelUp": 0.0497,
      "space": 0.1562,
      "keysDown": 0,
      "keysUp": 0
    },
    "maxLike": 2,
    "maxFollow": 1,
    "theme": "dark"
  },
  {
    "id": "48-Stalker",
    "description": "Type: Stalker | Input: Mouse (84%) | Dive: 80.0% | Tweet: 1.5% | T-Dive: 10.0% Like: 1.54%",
    "timings": {
      "readingPhase": {
        "mean": 124167,
        "deviation": 41005
      },
      "scrollPause": {
        "mean": 1919,
        "deviation": 799
      },
      "actionSpecific": {
        "space": {
          "mean": 1129,
          "deviation": 270
        },
        "keys": {
          "mean": 113,
          "deviation": 32
        },
        "idle": {
          "mean": 15000,
          "deviation": 5000
        }
      }
    },
    "probabilities": {
      "refresh": 0.063,
      "profileDive": 0.8,
      "tweetDive": 0.1003,
      "likeTweetafterDive": 0.0154,
      "bookmarkAfterDive": 0.0073,
      "followOnProfile": 0.01,
      "tweet": 0.0153,
      "idle": 0.0655
    },
    "inputMethods": {
      "wheelDown": 0.8415,
      "wheelUp": 0.0281,
      "space": 0.1304,
      "keysDown": 0,
      "keysUp": 0
    },
    "maxLike": 2,
    "maxFollow": 1,
    "theme": "dark"
  },
  {
    "id": "49-Stalker",
    "description": "Type: Stalker | Input: Mouse (84%) | Dive: 80.0% | Tweet: 0.1% | T-Dive: 12.2% Like: 1.11%",
    "timings": {
      "readingPhase": {
        "mean": 114446,
        "deviation": 39863
      },
      "scrollPause": {
        "mean": 2077,
        "deviation": 710
      },
      "actionSpecific": {
        "space": {
          "mean": 832,
          "deviation": 221
        },
        "keys": {
          "mean": 107,
          "deviation": 30
        },
        "idle": {
          "mean": 15000,
          "deviation": 5000
        }
      }
    },
    "probabilities": {
      "refresh": 0.1049,
      "profileDive": 0.8,
      "tweetDive": 0.1218,
      "likeTweetafterDive": 0.0111,
      "bookmarkAfterDive": 0.0086,
      "followOnProfile": 0.01,
      "tweet": 0.0008,
      "idle": 0.0729
    },
    "inputMethods": {
      "wheelDown": 0.8442,
      "wheelUp": 0.0431,
      "space": 0.1127,
      "keysDown": 0,
      "keysUp": 0
    },
    "maxLike": 2,
    "maxFollow": 1,
    "theme": "dark"
  },
  {
    "id": "50-Stalker",
    "description": "Type: Stalker | Input: Mouse (89%) | Dive: 80.0% | Tweet: 4.0% | T-Dive: 6.3% Like: 0.65%",
    "timings": {
      "readingPhase": {
        "mean": 127733,
        "deviation": 40005
      },
      "scrollPause": {
        "mean": 1847,
        "deviation": 856
      },
      "actionSpecific": {
        "space": {
          "mean": 1130,
          "deviation": 254
        },
        "keys": {
          "mean": 131,
          "deviation": 30
        },
        "idle": {
          "mean": 15000,
          "deviation": 5000
        }
      }
    },
    "probabilities": {
      "refresh": 0.1267,
      "profileDive": 0.8,
      "tweetDive": 0.0626,
      "likeTweetafterDive": 0.0065,
      "bookmarkAfterDive": 0.0001,
      "followOnProfile": 0.01,
      "tweet": 0.0404,
      "idle": 0.1232
    },
    "inputMethods": {
      "wheelDown": 0.892,
      "wheelUp": 0.0391,
      "space": 0.0689,
      "keysDown": 0,
      "keysUp": 0
    },
    "maxLike": 2,
    "maxFollow": 1,
    "theme": "dark"
  }
]