{
  "twitter": {
    "reply": {
      "probability": 0.5,
      "methods": {
        "replyA": {
          "weight": 40,
          "enabled": true,
          "description": "Keyboard shortcut (R key) - Fast and reliable"
        },
        "replyB": {
          "weight": 35,
          "enabled": true,
          "description": "Reply button click - Good for visible buttons"
        },
        "replyC": {
          "weight": 25,
          "enabled": true,
          "description": "Direct composer focus - For already-open composers"
        }
      }
    },
    "quote": {
      "probability": 0.3,
      "methods": {
        "quoteA": {
          "weight": 40,
          "enabled": true,
          "description": "Keyboard compose (T key) + Quote option"
        },
        "quoteB": {
          "weight": 35,
          "enabled": true,
          "description": "Retweet menu → Quote option"
        },
        "quoteC": {
          "weight": 25,
          "enabled": true,
          "description": "New post + paste URL"
        }
      }
    }
  }
}
