[
  {
    "id": "01-Skimmer",
    "description": "Type: Skimmer | Input: Mouse (75%) | Dive: 20.7% | T-Dive: 6.7% Like: 0.67% Bkmk: 0.78% Follow: 0.00%",
    "timings": {
      "readingPhase": {
        "mean": 71285,
        "deviation": 16174
      },
      "scrollPause": {
        "mean": 803,
        "deviation": 297
      },
      "actionSpecific": {
        "space": {
          "mean": 1158,
          "deviation": 170
        },
        "keys": {
          "mean": 143,
          "deviation": 37
        },
        "idle": {
          "mean": 15000,
          "deviation": 5000
        }
      }
    },
    "probabilities": {
      "refresh": 0.1038,
      "profileDive": 0.2072,
      "tweetDive": 0.0674,
      "likeTweetafterDive": 0.0067,
      "bookmarkAfterDive": 0.0078,
      "followOnProfile": 0,
      "idle": 0.0512
    },
    "inputMethods": {
      "wheelDown": 0.7486,
      "wheelUp": 0.016,
      "space": 0.2354,
      "keysDown": 0,
      "keysUp": 0
    },
    "maxLike": 2,
    "maxFollow": 1,
    "theme": "dark"
  },
  {
    "id": "02-Skimmer",
    "description": "Type: Skimmer | Input: Mouse (88%) | Dive: 13.6% | T-Dive: 7.3% Like: 1.11% Bkmk: 0.02% Follow: 0.13%",
    "timings": {
      "readingPhase": {
        "mean": 72067,
        "deviation": 20471
      },
      "scrollPause": {
        "mean": 814,
        "deviation": 330
      },
      "actionSpecific": {
        "space": {
          "mean": 1190,
          "deviation": 132
        },
        "keys": {
          "mean": 131,
          "deviation": 24
        },
        "idle": {
          "mean": 15000,
          "deviation": 5000
        }
      }
    },
    "probabilities": {
      "refresh": 0.2273,
      "profileDive": 0.1357,
      "tweetDive": 0.0727,
      "likeTweetafterDive": 0.0111,
      "bookmarkAfterDive": 0.0002,
      "followOnProfile": 0.0013,
      "idle": 0.0963
    },
    "inputMethods": {
      "wheelDown": 0.8786,
      "wheelUp": 0.0317,
      "space": 0.0898,
      "keysDown": 0,
      "keysUp": 0
    },
    "maxLike": 2,
    "maxFollow": 1,
    "theme": "dark"
  },
  {
    "id": "03-Skimmer",
    "description": "Type: Skimmer | Input: Mouse (81%) | Dive: 5.6% | T-Dive: 0.0% Like: 1.31% Bkmk: 0.39% Follow: 0.16%",
    "timings": {
      "readingPhase": {
        "mean": 64941,
        "deviation": 20551
      },
      "scrollPause": {
        "mean": 874,
        "deviation": 376
      },
      "actionSpecific": {
        "space": {
          "mean": 803,
          "deviation": 104
        },
        "keys": {
          "mean": 118,
          "deviation": 28
        },
        "idle": {
          "mean": 15000,
          "deviation": 5000
        }
      }
    },
    "probabilities": {
      "refresh": 0.2211,
      "profileDive": 0.0556,
      "tweetDive": 0,
      "likeTweetafterDive": 0.0131,
      "bookmarkAfterDive": 0.0039,
      "followOnProfile": 0.0016,
      "idle": 0.1547
    },
    "inputMethods": {
      "wheelDown": 0.8065,
      "wheelUp": 0.0374,
      "space": 0.1561,
      "keysDown": 0,
      "keysUp": 0
    },
    "maxLike": 2,
    "maxFollow": 1,
    "theme": "dark"
  },
  {
    "id": "04-Skimmer",
    "description": "Type: Skimmer | Input: Mouse (74%) | Dive: 16.6% | T-Dive: 0.0% Like: 1.21% Bkmk: 0.00% Follow: 0.23%",
    "timings": {
      "readingPhase": {
        "mean": 49997,
        "deviation": 21923
      },
      "scrollPause": {
        "mean": 734,
        "deviation": 306
      },
      "actionSpecific": {
        "space": {
          "mean": 818,
          "deviation": 216
        },
        "keys": {
          "mean": 124,
          "deviation": 40
        },
        "idle": {
          "mean": 15000,
          "deviation": 5000
        }
      }
    },
    "probabilities": {
      "refresh": 0.1709,
      "profileDive": 0.166,
      "tweetDive": 0,
      "likeTweetafterDive": 0.0121,
      "bookmarkAfterDive": 0,
      "followOnProfile": 0.0023,
      "idle": 0.1079
    },
    "inputMethods": {
      "wheelDown": 0.7432,
      "wheelUp": 0.0266,
      "space": 0.2302,
      "keysDown": 0,
      "keysUp": 0
    },
    "maxLike": 2,
    "maxFollow": 1,
    "theme": "dark"
  },
  {
    "id": "05-Balanced",
    "description": "Type: Balanced | Input: Mouse (81%) | Dive: 34.6% | T-Dive: 10.7% Like: 1.36% Bkmk: 0.80% Follow: 0.15%",
    "timings": {
      "readingPhase": {
        "mean": 140626,
        "deviation": 47678
      },
      "scrollPause": {
        "mean": 1827,
        "deviation": 783
      },
      "actionSpecific": {
        "space": {
          "mean": 1011,
          "deviation": 135
        },
        "keys": {
          "mean": 137,
          "deviation": 42
        },
        "idle": {
          "mean": 15000,
          "deviation": 5000
        }
      }
    },
    "probabilities": {
      "refresh": 0.0836,
      "profileDive": 0.3459,
      "tweetDive": 0.1069,
      "likeTweetafterDive": 0.0136,
      "bookmarkAfterDive": 0.008,
      "followOnProfile": 0.0015,
      "idle": 0.0831
    },
    "inputMethods": {
      "wheelDown": 0.805,
      "wheelUp": 0.0172,
      "space": 0.1778,
      "keysDown": 0,
      "keysUp": 0
    },
    "maxLike": 2,
    "maxFollow": 1,
    "theme": "dark"
  },
  {
    "id": "06-Balanced",
    "description": "Type: Balanced | Input: Mouse (86%) | Dive: 8.9% | T-Dive: 8.1% Like: 1.55% Bkmk: 0.21% Follow: 0.28%",
    "timings": {
      "readingPhase": {
        "mean": 126956,
        "deviation": 44680
      },
      "scrollPause": {
        "mean": 1978,
        "deviation": 754
      },
      "actionSpecific": {
        "space": {
          "mean": 1034,
          "deviation": 151
        },
        "keys": {
          "mean": 104,
          "deviation": 25
        },
        "idle": {
          "mean": 15000,
          "deviation": 5000
        }
      }
    },
    "probabilities": {
      "refresh": 0.1642,
      "profileDive": 0.0886,
      "tweetDive": 0.0808,
      "likeTweetafterDive": 0.0155,
      "bookmarkAfterDive": 0.0021,
      "followOnProfile": 0.0028,
      "idle": 0.0757
    },
    "inputMethods": {
      "wheelDown": 0.8615,
      "wheelUp": 0.0391,
      "space": 0.0994,
      "keysDown": 0,
      "keysUp": 0
    },
    "maxLike": 2,
    "maxFollow": 1,
    "theme": "dark"
  },
  {
    "id": "07-Balanced",
    "description": "Type: Balanced | Input: Mouse (85%) | Dive: 41.6% | T-Dive: 16.9% Like: 2.00% Bkmk: 0.82% Follow: 0.31%",
    "timings": {
      "readingPhase": {
        "mean": 119998,
        "deviation": 42673
      },
      "scrollPause": {
        "mean": 1993,
        "deviation": 864
      },
      "actionSpecific": {
        "space": {
          "mean": 845,
          "deviation": 218
        },
        "keys": {
          "mean": 132,
          "deviation": 49
        },
        "idle": {
          "mean": 15000,
          "deviation": 5000
        }
      }
    },
    "probabilities": {
      "refresh": 0.1773,
      "profileDive": 0.4159,
      "tweetDive": 0.1691,
      "likeTweetafterDive": 0.02,
      "bookmarkAfterDive": 0.0082,
      "followOnProfile": 0.0031,
      "idle": 0.1819
    },
    "inputMethods": {
      "wheelDown": 0.8533,
      "wheelUp": 0.0491,
      "space": 0.0976,
      "keysDown": 0,
      "keysUp": 0
    },
    "maxLike": 2,
    "maxFollow": 1,
    "theme": "dark"
  },
  {
    "id": "08-Balanced",
    "description": "Type: Balanced | Input: Mouse (92%) | Dive: 24.0% | T-Dive: 7.5% Like: 1.07% Bkmk: 1.37% Follow: 0.33%",
    "timings": {
      "readingPhase": {
        "mean": 125056,
        "deviation": 42357
      },
      "scrollPause": {
        "mean": 2242,
        "deviation": 795
      },
      "actionSpecific": {
        "space": {
          "mean": 836,
          "deviation": 258
        },
        "keys": {
          "mean": 123,
          "deviation": 24
        },
        "idle": {
          "mean": 15000,
          "deviation": 5000
        }
      }
    },
    "probabilities": {
      "refresh": 0.1739,
      "profileDive": 0.2402,
      "tweetDive": 0.0748,
      "likeTweetafterDive": 0.0107,
      "bookmarkAfterDive": 0.0137,
      "followOnProfile": 0.0033,
      "idle": 0.0968
    },
    "inputMethods": {
      "wheelDown": 0.9183,
      "wheelUp": 0.0342,
      "space": 0.0475,
      "keysDown": 0,
      "keysUp": 0
    },
    "maxLike": 2,
    "maxFollow": 1,
    "theme": "dark"
  },
  {
    "id": "09-Balanced",
    "description": "Type: Balanced | Input: Mouse (85%) | Dive: 31.4% | T-Dive: 11.9% Like: 0.50% Bkmk: 0.29% Follow: 0.31%",
    "timings": {
      "readingPhase": {
        "mean": 122759,
        "deviation": 44903
      },
      "scrollPause": {
        "mean": 2372,
        "deviation": 840
      },
      "actionSpecific": {
        "space": {
          "mean": 976,
          "deviation": 237
        },
        "keys": {
          "mean": 124,
          "deviation": 20
        },
        "idle": {
          "mean": 15000,
          "deviation": 5000
        }
      }
    },
    "probabilities": {
      "refresh": 0.104,
      "profileDive": 0.3138,
      "tweetDive": 0.1194,
      "likeTweetafterDive": 0.005,
      "bookmarkAfterDive": 0.0029,
      "followOnProfile": 0.0031,
      "idle": 0.1323
    },
    "inputMethods": {
      "wheelDown": 0.8533,
      "wheelUp": 0.0101,
      "space": 0.1367,
      "keysDown": 0,
      "keysUp": 0
    },
    "maxLike": 2,
    "maxFollow": 1,
    "theme": "dark"
  },
  {
    "id": "10-Balanced",
    "description": "Type: Balanced | Input: Mouse (84%) | Dive: 60.0% | T-Dive: 7.0% Like: 1.91% Bkmk: 1.21% Follow: 0.22%",
    "timings": {
      "readingPhase": {
        "mean": 106598,
        "deviation": 46259
      },
      "scrollPause": {
        "mean": 2240,
        "deviation": 810
      },
      "actionSpecific": {
        "space": {
          "mean": 919,
          "deviation": 108
        },
        "keys": {
          "mean": 125,
          "deviation": 39
        },
        "idle": {
          "mean": 15000,
          "deviation": 5000
        }
      }
    },
    "probabilities": {
      "refresh": 0.1068,
      "profileDive": 0.5995,
      "tweetDive": 0.0695,
      "likeTweetafterDive": 0.0191,
      "bookmarkAfterDive": 0.0121,
      "followOnProfile": 0.0022,
      "idle": 0.1136
    },
    "inputMethods": {
      "wheelDown": 0.842,
      "wheelUp": 0.0387,
      "space": 0.1193,
      "keysDown": 0,
      "keysUp": 0
    },
    "maxLike": 2,
    "maxFollow": 1,
    "theme": "dark"
  },
  {
    "id": "11-Balanced",
    "description": "Type: Balanced | Input: Mouse (84%) | Dive: 29.7% | T-Dive: 18.3% Like: 2.00% Bkmk: 0.42% Follow: 0.38%",
    "timings": {
      "readingPhase": {
        "mean": 113398,
        "deviation": 45891
      },
      "scrollPause": {
        "mean": 1595,
        "deviation": 891
      },
      "actionSpecific": {
        "space": {
          "mean": 922,
          "deviation": 258
        },
        "keys": {
          "mean": 90,
          "deviation": 46
        },
        "idle": {
          "mean": 15000,
          "deviation": 5000
        }
      }
    },
    "probabilities": {
      "refresh": 0.1541,
      "profileDive": 0.297,
      "tweetDive": 0.1832,
      "likeTweetafterDive": 0.02,
      "bookmarkAfterDive": 0.0042,
      "followOnProfile": 0.0038,
      "idle": 0.1345
    },
    "inputMethods": {
      "wheelDown": 0.8384,
      "wheelUp": 0.0381,
      "space": 0.1235,
      "keysDown": 0,
      "keysUp": 0
    },
    "maxLike": 2,
    "maxFollow": 1,
    "theme": "dark"
  },
  {
    "id": "12-Balanced",
    "description": "Type: Balanced | Input: Mouse (83%) | Dive: 38.8% | T-Dive: 8.8% Like: 1.72% Bkmk: 0.82% Follow: 0.46%",
    "timings": {
      "readingPhase": {
        "mean": 120872,
        "deviation": 40869
      },
      "scrollPause": {
        "mean": 1817,
        "deviation": 765
      },
      "actionSpecific": {
        "space": {
          "mean": 1045,
          "deviation": 249
        },
        "keys": {
          "mean": 124,
          "deviation": 25
        },
        "idle": {
          "mean": 15000,
          "deviation": 5000
        }
      }
    },
    "probabilities": {
      "refresh": 0.0723,
      "profileDive": 0.388,
      "tweetDive": 0.0875,
      "likeTweetafterDive": 0.0172,
      "bookmarkAfterDive": 0.0082,
      "followOnProfile": 0.0046,
      "idle": 0.1287
    },
    "inputMethods": {
      "wheelDown": 0.8325,
      "wheelUp": 0.0356,
      "space": 0.1319,
      "keysDown": 0,
      "keysUp": 0
    },
    "maxLike": 2,
    "maxFollow": 1,
    "theme": "dark"
  },
  {
    "id": "13-Balanced",
    "description": "Type: Balanced | Input: Mouse (87%) | Dive: 21.1% | T-Dive: 1.8% Like: 1.39% Bkmk: 0.37% Follow: 0.30%",
    "timings": {
      "readingPhase": {
        "mean": 119684,
        "deviation": 45828
      },
      "scrollPause": {
        "mean": 2242,
        "deviation": 801
      },
      "actionSpecific": {
        "space": {
          "mean": 963,
          "deviation": 164
        },
        "keys": {
          "mean": 123,
          "deviation": 30
        },
        "idle": {
          "mean": 15000,
          "deviation": 5000
        }
      }
    },
    "probabilities": {
      "refresh": 0.0728,
      "profileDive": 0.211,
      "tweetDive": 0.0183,
      "likeTweetafterDive": 0.0139,
      "bookmarkAfterDive": 0.0037,
      "followOnProfile": 0.003,
      "idle": 0.0839
    },
    "inputMethods": {
      "wheelDown": 0.872,
      "wheelUp": 0.0334,
      "space": 0.0946,
      "keysDown": 0,
      "keysUp": 0
    },
    "maxLike": 2,
    "maxFollow": 1,
    "theme": "dark"
  },
  {
    "id": "14-Balanced",
    "description": "Type: Balanced | Input: Mouse (83%) | Dive: 35.7% | T-Dive: 7.6% Like: 1.68% Bkmk: 1.12% Follow: 0.22%",
    "timings": {
      "readingPhase": {
        "mean": 132175,
        "deviation": 45249
      },
      "scrollPause": {
        "mean": 2072,
        "deviation": 810
      },
      "actionSpecific": {
        "space": {
          "mean": 1177,
          "deviation": 247
        },
        "keys": {
          "mean": 97,
          "deviation": 21
        },
        "idle": {
          "mean": 15000,
          "deviation": 5000
        }
      }
    },
    "probabilities": {
      "refresh": 0.0872,
      "profileDive": 0.357,
      "tweetDive": 0.0757,
      "likeTweetafterDive": 0.0168,
      "bookmarkAfterDive": 0.0112,
      "followOnProfile": 0.0022,
      "idle": 0.0247
    },
    "inputMethods": {
      "wheelDown": 0.8301,
      "wheelUp": 0.0288,
      "space": 0.1411,
      "keysDown": 0,
      "keysUp": 0
    },
    "maxLike": 2,
    "maxFollow": 1,
    "theme": "dark"
  },
  {
    "id": "15-Balanced",
    "description": "Type: Balanced | Input: Mouse (91%) | Dive: 24.4% | T-Dive: 8.4% Like: 1.90% Bkmk: 0.46% Follow: 0.18%",
    "timings": {
      "readingPhase": {
        "mean": 101155,
        "deviation": 42440
      },
      "scrollPause": {
        "mean": 1827,
        "deviation": 837
      },
      "actionSpecific": {
        "space": {
          "mean": 819,
          "deviation": 101
        },
        "keys": {
          "mean": 104,
          "deviation": 27
        },
        "idle": {
          "mean": 15000,
          "deviation": 5000
        }
      }
    },
    "probabilities": {
      "refresh": 0.1392,
      "profileDive": 0.2439,
      "tweetDive": 0.0836,
      "likeTweetafterDive": 0.019,
      "bookmarkAfterDive": 0.0046,
      "followOnProfile": 0.0018,
      "idle": 0.0145
    },
    "inputMethods": {
      "wheelDown": 0.9102,
      "wheelUp": 0.016,
      "space": 0.0738,
      "keysDown": 0,
      "keysUp": 0
    },
    "maxLike": 2,
    "maxFollow": 1,
    "theme": "dark"
  },
  {
    "id": "16-Balanced",
    "description": "Type: Balanced | Input: Mouse (75%) | Dive: 32.1% | T-Dive: 12.6% Like: 1.68% Bkmk: 0.00% Follow: 0.15%",
    "timings": {
      "readingPhase": {
        "mean": 121977,
        "deviation": 43423
      },
      "scrollPause": {
        "mean": 1973,
        "deviation": 847
      },
      "actionSpecific": {
        "space": {
          "mean": 856,
          "deviation": 112
        },
        "keys": {
          "mean": 112,
          "deviation": 22
        },
        "idle": {
          "mean": 15000,
          "deviation": 5000
        }
      }
    },
    "probabilities": {
      "refresh": 0.1206,
      "profileDive": 0.3207,
      "tweetDive": 0.1259,
      "likeTweetafterDive": 0.0168,
      "bookmarkAfterDive": 0,
      "followOnProfile": 0.0015,
      "idle": 0.1236
    },
    "inputMethods": {
      "wheelDown": 0.7504,
      "wheelUp": 0.0388,
      "space": 0.2108,
      "keysDown": 0,
      "keysUp": 0
    },
    "maxLike": 2,
    "maxFollow": 1,
    "theme": "dark"
  },
  {
    "id": "17-Balanced",
    "description": "Type: Balanced | Input: Mouse (84%) | Dive: 43.8% | T-Dive: 7.4% Like: 2.00% Bkmk: 0.69% Follow: 0.43%",
    "timings": {
      "readingPhase": {
        "mean": 121338,
        "deviation": 45687
      },
      "scrollPause": {
        "mean": 2066,
        "deviation": 744
      },
      "actionSpecific": {
        "space": {
          "mean": 806,
          "deviation": 168
        },
        "keys": {
          "mean": 105,
          "deviation": 37
        },
        "idle": {
          "mean": 15000,
          "deviation": 5000
        }
      }
    },
    "probabilities": {
      "refresh": 0.0991,
      "profileDive": 0.4375,
      "tweetDive": 0.0738,
      "likeTweetafterDive": 0.02,
      "bookmarkAfterDive": 0.0069,
      "followOnProfile": 0.0043,
      "idle": 0.1051
    },
    "inputMethods": {
      "wheelDown": 0.8448,
      "wheelUp": 0.0366,
      "space": 0.1186,
      "keysDown": 0,
      "keysUp": 0
    },
    "maxLike": 2,
    "maxFollow": 1,
    "theme": "dark"
  },
  {
    "id": "18-Balanced",
    "description": "Type: Balanced | Input: Mouse (90%) | Dive: 23.3% | T-Dive: 6.4% Like: 1.64% Bkmk: 0.60% Follow: 0.40%",
    "timings": {
      "readingPhase": {
        "mean": 115175,
        "deviation": 46425
      },
      "scrollPause": {
        "mean": 2029,
        "deviation": 790
      },
      "actionSpecific": {
        "space": {
          "mean": 1100,
          "deviation": 247
        },
        "keys": {
          "mean": 105,
          "deviation": 21
        },
        "idle": {
          "mean": 15000,
          "deviation": 5000
        }
      }
    },
    "probabilities": {
      "refresh": 0.1284,
      "profileDive": 0.2328,
      "tweetDive": 0.0642,
      "likeTweetafterDive": 0.0164,
      "bookmarkAfterDive": 0.006,
      "followOnProfile": 0.004,
      "idle": 0.1203
    },
    "inputMethods": {
      "wheelDown": 0.8972,
      "wheelUp": 0.0286,
      "space": 0.0743,
      "keysDown": 0,
      "keysUp": 0
    },
    "maxLike": 2,
    "maxFollow": 1,
    "theme": "dark"
  },
  {
    "id": "19-Balanced",
    "description": "Type: Balanced | Input: Mouse (93%) | Dive: 21.3% | T-Dive: 9.8% Like: 2.00% Bkmk: 0.81% Follow: 0.30%",
    "timings": {
      "readingPhase": {
        "mean": 109944,
        "deviation": 47069
      },
      "scrollPause": {
        "mean": 1962,
        "deviation": 825
      },
      "actionSpecific": {
        "space": {
          "mean": 976,
          "deviation": 299
        },
        "keys": {
          "mean": 141,
          "deviation": 36
        },
        "idle": {
          "mean": 15000,
          "deviation": 5000
        }
      }
    },
    "probabilities": {
      "refresh": 0.0872,
      "profileDive": 0.2129,
      "tweetDive": 0.0976,
      "likeTweetafterDive": 0.02,
      "bookmarkAfterDive": 0.0081,
      "followOnProfile": 0.003,
      "idle": 0.1802
    },
    "inputMethods": {
      "wheelDown": 0.9328,
      "wheelUp": 0.0203,
      "space": 0.0469,
      "keysDown": 0,
      "keysUp": 0
    },
    "maxLike": 2,
    "maxFollow": 1,
    "theme": "dark"
  },
  {
    "id": "20-Balanced",
    "description": "Type: Balanced | Input: Mouse (85%) | Dive: 29.5% | T-Dive: 16.0% Like: 1.84% Bkmk: 0.00% Follow: 0.35%",
    "timings": {
      "readingPhase": {
        "mean": 110181,
        "deviation": 46008
      },
      "scrollPause": {
        "mean": 1856,
        "deviation": 799
      },
      "actionSpecific": {
        "space": {
          "mean": 1057,
          "deviation": 134
        },
        "keys": {
          "mean": 97,
          "deviation": 21
        },
        "idle": {
          "mean": 15000,
          "deviation": 5000
        }
      }
    },
    "probabilities": {
      "refresh": 0.0468,
      "profileDive": 0.2955,
      "tweetDive": 0.1596,
      "likeTweetafterDive": 0.0184,
      "bookmarkAfterDive": 0,
      "followOnProfile": 0.0035,
      "idle": 0.1394
    },
    "inputMethods": {
      "wheelDown": 0.8464,
      "wheelUp": 0.0144,
      "space": 0.1391,
      "keysDown": 0,
      "keysUp": 0
    },
    "maxLike": 2,
    "maxFollow": 1,
    "theme": "dark"
  },
  {
    "id": "21-Balanced",
    "description": "Type: Balanced | Input: Mouse (87%) | Dive: 26.0% | T-Dive: 8.3% Like: 2.00% Bkmk: 0.44% Follow: 0.35%",
    "timings": {
      "readingPhase": {
        "mean": 126768,
        "deviation": 45420
      },
      "scrollPause": {
        "mean": 2147,
        "deviation": 849
      },
      "actionSpecific": {
        "space": {
          "mean": 1090,
          "deviation": 254
        },
        "keys": {
          "mean": 147,
          "deviation": 46
        },
        "idle": {
          "mean": 15000,
          "deviation": 5000
        }
      }
    },
    "probabilities": {
      "refresh": 0.0832,
      "profileDive": 0.2598,
      "tweetDive": 0.0833,
      "likeTweetafterDive": 0.02,
      "bookmarkAfterDive": 0.0044,
      "followOnProfile": 0.0035,
      "idle": 0.0831
    },
    "inputMethods": {
      "wheelDown": 0.8676,
      "wheelUp": 0.0382,
      "space": 0.0942,
      "keysDown": 0,
      "keysUp": 0
    },
    "maxLike": 2,
    "maxFollow": 1,
    "theme": "dark"
  },
  {
    "id": "22-Balanced",
    "description": "Type: Balanced | Input: Mouse (92%) | Dive: 6.9% | T-Dive: 7.0% Like: 0.62% Bkmk: 0.00% Follow: 0.35%",
    "timings": {
      "readingPhase": {
        "mean": 123240,
        "deviation": 45788
      },
      "scrollPause": {
        "mean": 1725,
        "deviation": 778
      },
      "actionSpecific": {
        "space": {
          "mean": 870,
          "deviation": 200
        },
        "keys": {
          "mean": 89,
          "deviation": 35
        },
        "idle": {
          "mean": 15000,
          "deviation": 5000
        }
      }
    },
    "probabilities": {
      "refresh": 0.1198,
      "profileDive": 0.0685,
      "tweetDive": 0.0699,
      "likeTweetafterDive": 0.0062,
      "bookmarkAfterDive": 0,
      "followOnProfile": 0.0035,
      "idle": 0.0586
    },
    "inputMethods": {
      "wheelDown": 0.9239,
      "wheelUp": 0.0421,
      "space": 0.034,
      "keysDown": 0,
      "keysUp": 0
    },
    "maxLike": 2,
    "maxFollow": 1,
    "theme": "dark"
  },
  {
    "id": "23-Balanced",
    "description": "Type: Balanced | Input: Mouse (87%) | Dive: 32.1% | T-Dive: 14.9% Like: 1.72% Bkmk: 0.69% Follow: 0.39%",
    "timings": {
      "readingPhase": {
        "mean": 135051,
        "deviation": 44909
      },
      "scrollPause": {
        "mean": 2054,
        "deviation": 871
      },
      "actionSpecific": {
        "space": {
          "mean": 1149,
          "deviation": 241
        },
        "keys": {
          "mean": 115,
          "deviation": 37
        },
        "idle": {
          "mean": 15000,
          "deviation": 5000
        }
      }
    },
    "probabilities": {
      "refresh": 0.0877,
      "profileDive": 0.3207,
      "tweetDive": 0.1486,
      "likeTweetafterDive": 0.0172,
      "bookmarkAfterDive": 0.0069,
      "followOnProfile": 0.0039,
      "idle": 0.0232
    },
    "inputMethods": {
      "wheelDown": 0.8685,
      "wheelUp": 0.0363,
      "space": 0.0953,
      "keysDown": 0,
      "keysUp": 0
    },
    "maxLike": 2,
    "maxFollow": 1,
    "theme": "dark"
  },
  {
    "id": "24-Balanced",
    "description": "Type: Balanced | Input: Mouse (79%) | Dive: 39.4% | T-Dive: 12.2% Like: 1.36% Bkmk: 0.70% Follow: 0.21%",
    "timings": {
      "readingPhase": {
        "mean": 117452,
        "deviation": 45116
      },
      "scrollPause": {
        "mean": 1938,
        "deviation": 783
      },
      "actionSpecific": {
        "space": {
          "mean": 1083,
          "deviation": 202
        },
        "keys": {
          "mean": 130,
          "deviation": 40
        },
        "idle": {
          "mean": 15000,
          "deviation": 5000
        }
      }
    },
    "probabilities": {
      "refresh": 0,
      "profileDive": 0.3943,
      "tweetDive": 0.1222,
      "likeTweetafterDive": 0.0136,
      "bookmarkAfterDive": 0.007,
      "followOnProfile": 0.0021,
      "idle": 0.0997
    },
    "inputMethods": {
      "wheelDown": 0.7925,
      "wheelUp": 0.0406,
      "space": 0.1669,
      "keysDown": 0,
      "keysUp": 0
    },
    "maxLike": 2,
    "maxFollow": 1,
    "theme": "dark"
  },
  {
    "id": "25-Balanced",
    "description": "Type: Balanced | Input: Keys (85%) | Dive: 27.3% | T-Dive: 5.3% Like: 1.62% Bkmk: 1.17% Follow: 0.25%",
    "timings": {
      "readingPhase": {
        "mean": 125660,
        "deviation": 43628
      },
      "scrollPause": {
        "mean": 1833,
        "deviation": 755
      },
      "actionSpecific": {
        "space": {
          "mean": 1146,
          "deviation": 182
        },
        "keys": {
          "mean": 119,
          "deviation": 31
        },
        "idle": {
          "mean": 15000,
          "deviation": 5000
        }
      }
    },
    "probabilities": {
      "refresh": 0.1694,
      "profileDive": 0.2731,
      "tweetDive": 0.0528,
      "likeTweetafterDive": 0.0162,
      "bookmarkAfterDive": 0.0117,
      "followOnProfile": 0.0025,
      "idle": 0.0756
    },
    "inputMethods": {
      "wheelDown": 0,
      "wheelUp": 0,
      "space": 0.134,
      "keysDown": 0.847,
      "keysUp": 0.019
    },
    "maxLike": 2,
    "maxFollow": 1,
    "theme": "dark"
  },
  {
    "id": "26-Balanced",
    "description": "Type: Balanced | Input: Mouse (84%) | Dive: 30.6% | T-Dive: 8.6% Like: 1.26% Bkmk: 0.50% Follow: 0.47%",
    "timings": {
      "readingPhase": {
        "mean": 124368,
        "deviation": 43039
      },
      "scrollPause": {
        "mean": 1987,
        "deviation": 761
      },
      "actionSpecific": {
        "space": {
          "mean": 1084,
          "deviation": 269
        },
        "keys": {
          "mean": 92,
          "deviation": 33
        },
        "idle": {
          "mean": 15000,
          "deviation": 5000
        }
      }
    },
    "probabilities": {
      "refresh": 0.1208,
      "profileDive": 0.3057,
      "tweetDive": 0.0861,
      "likeTweetafterDive": 0.0126,
      "bookmarkAfterDive": 0.005,
      "followOnProfile": 0.0047,
      "idle": 0.1018
    },
    "inputMethods": {
      "wheelDown": 0.837,
      "wheelUp": 0.0254,
      "space": 0.1376,
      "keysDown": 0,
      "keysUp": 0
    },
    "maxLike": 2,
    "maxFollow": 1,
    "theme": "dark"
  },
  {
    "id": "27-Balanced",
    "description": "Type: Balanced | Input: Mouse (85%) | Dive: 39.9% | T-Dive: 11.5% Like: 0.50% Bkmk: 0.00% Follow: 0.22%",
    "timings": {
      "readingPhase": {
        "mean": 110976,
        "deviation": 47673
      },
      "scrollPause": {
        "mean": 1932,
        "deviation": 842
      },
      "actionSpecific": {
        "space": {
          "mean": 1153,
          "deviation": 234
        },
        "keys": {
          "mean": 145,
          "deviation": 40
        },
        "idle": {
          "mean": 15000,
          "deviation": 5000
        }
      }
    },
    "probabilities": {
      "refresh": 0.0411,
      "profileDive": 0.3994,
      "tweetDive": 0.1148,
      "likeTweetafterDive": 0.005,
      "bookmarkAfterDive": 0,
      "followOnProfile": 0.0022,
      "idle": 0.0783
    },
    "inputMethods": {
      "wheelDown": 0.853,
      "wheelUp": 0.0262,
      "space": 0.1207,
      "keysDown": 0,
      "keysUp": 0
    },
    "maxLike": 2,
    "maxFollow": 1,
    "theme": "dark"
  },
  {
    "id": "28-Balanced",
    "description": "Type: Balanced | Input: Mouse (74%) | Dive: 27.0% | T-Dive: 16.7% Like: 0.91% Bkmk: 0.51% Follow: 0.28%",
    "timings": {
      "readingPhase": {
        "mean": 131172,
        "deviation": 42682
      },
      "scrollPause": {
        "mean": 2112,
        "deviation": 716
      },
      "actionSpecific": {
        "space": {
          "mean": 897,
          "deviation": 142
        },
        "keys": {
          "mean": 146,
          "deviation": 37
        },
        "idle": {
          "mean": 15000,
          "deviation": 5000
        }
      }
    },
    "probabilities": {
      "refresh": 0.0901,
      "profileDive": 0.2695,
      "tweetDive": 0.1665,
      "likeTweetafterDive": 0.0091,
      "bookmarkAfterDive": 0.0051,
      "followOnProfile": 0.0028,
      "idle": 0.2001
    },
    "inputMethods": {
      "wheelDown": 0.7409,
      "wheelUp": 0.0484,
      "space": 0.2107,
      "keysDown": 0,
      "keysUp": 0
    },
    "maxLike": 2,
    "maxFollow": 1,
    "theme": "dark"
  },
  {
    "id": "29-Balanced",
    "description": "Type: Balanced | Input: Mouse (91%) | Dive: 42.8% | T-Dive: 5.0% Like: 1.81% Bkmk: 1.18% Follow: 0.27%",
    "timings": {
      "readingPhase": {
        "mean": 130073,
        "deviation": 41675
      },
      "scrollPause": {
        "mean": 2016,
        "deviation": 872
      },
      "actionSpecific": {
        "space": {
          "mean": 1025,
          "deviation": 219
        },
        "keys": {
          "mean": 117,
          "deviation": 42
        },
        "idle": {
          "mean": 15000,
          "deviation": 5000
        }
      }
    },
    "probabilities": {
      "refresh": 0.1507,
      "profileDive": 0.4277,
      "tweetDive": 0.05,
      "likeTweetafterDive": 0.0181,
      "bookmarkAfterDive": 0.0118,
      "followOnProfile": 0.0027,
      "idle": 0.1516
    },
    "inputMethods": {
      "wheelDown": 0.9087,
      "wheelUp": 0.0105,
      "space": 0.0808,
      "keysDown": 0,
      "keysUp": 0
    },
    "maxLike": 2,
    "maxFollow": 1,
    "theme": "dark"
  },
  {
    "id": "30-Balanced",
    "description": "Type: Balanced | Input: Mouse (77%) | Dive: 22.8% | T-Dive: 19.7% Like: 1.18% Bkmk: 0.00% Follow: 0.49%",
    "timings": {
      "readingPhase": {
        "mean": 129180,
        "deviation": 45013
      },
      "scrollPause": {
        "mean": 1970,
        "deviation": 808
      },
      "actionSpecific": {
        "space": {
          "mean": 1010,
          "deviation": 170
        },
        "keys": {
          "mean": 82,
          "deviation": 31
        },
        "idle": {
          "mean": 15000,
          "deviation": 5000
        }
      }
    },
    "probabilities": {
      "refresh": 0.1824,
      "profileDive": 0.2279,
      "tweetDive": 0.1968,
      "likeTweetafterDive": 0.0118,
      "bookmarkAfterDive": 0,
      "followOnProfile": 0.0049,
      "idle": 0.1061
    },
    "inputMethods": {
      "wheelDown": 0.7687,
      "wheelUp": 0.0243,
      "space": 0.2071,
      "keysDown": 0,
      "keysUp": 0
    },
    "maxLike": 2,
    "maxFollow": 1,
    "theme": "dark"
  },
  {
    "id": "31-DeepDiver",
    "description": "Type: DeepDiver | Input: Mouse (94%) | Dive: 59.6% | T-Dive: 17.4% Like: 2.00% Bkmk: 0.68% Follow: 0.43%",
    "timings": {
      "readingPhase": {
        "mean": 215905,
        "deviation": 69816
      },
      "scrollPause": {
        "mean": 4090,
        "deviation": 1524
      },
      "actionSpecific": {
        "space": {
          "mean": 976,
          "deviation": 250
        },
        "keys": {
          "mean": 118,
          "deviation": 48
        },
        "idle": {
          "mean": 15000,
          "deviation": 5000
        }
      }
    },
    "probabilities": {
      "refresh": 0.0879,
      "profileDive": 0.5957,
      "tweetDive": 0.1737,
      "likeTweetafterDive": 0.02,
      "bookmarkAfterDive": 0.0068,
      "followOnProfile": 0.0043,
      "idle": 0.0951
    },
    "inputMethods": {
      "wheelDown": 0.9426,
      "wheelUp": 0.0216,
      "space": 0.0358,
      "keysDown": 0,
      "keysUp": 0
    },
    "maxLike": 2,
    "maxFollow": 1,
    "theme": "dark"
  },
  {
    "id": "32-DeepDiver",
    "description": "Type: DeepDiver | Input: Mouse (90%) | Dive: 55.9% | T-Dive: 4.4% Like: 1.61% Bkmk: 1.85% Follow: 0.68%",
    "timings": {
      "readingPhase": {
        "mean": 210546,
        "deviation": 71505
      },
      "scrollPause": {
        "mean": 4411,
        "deviation": 1426
      },
      "actionSpecific": {
        "space": {
          "mean": 841,
          "deviation": 150
        },
        "keys": {
          "mean": 133,
          "deviation": 44
        },
        "idle": {
          "mean": 15000,
          "deviation": 5000
        }
      }
    },
    "probabilities": {
      "refresh": 0.0874,
      "profileDive": 0.5592,
      "tweetDive": 0.0436,
      "likeTweetafterDive": 0.0161,
      "bookmarkAfterDive": 0.0185,
      "followOnProfile": 0.0068,
      "idle": 0.0858
    },
    "inputMethods": {
      "wheelDown": 0.8988,
      "wheelUp": 0.0411,
      "space": 0.0601,
      "keysDown": 0,
      "keysUp": 0
    },
    "maxLike": 2,
    "maxFollow": 1,
    "theme": "dark"
  },
  {
    "id": "33-DeepDiver",
    "description": "Type: DeepDiver | Input: Mouse (82%) | Dive: 57.8% | T-Dive: 26.4% Like: 1.86% Bkmk: 2.21% Follow: 0.46%",
    "timings": {
      "readingPhase": {
        "mean": 191648,
        "deviation": 69193
      },
      "scrollPause": {
        "mean": 3811,
        "deviation": 1538
      },
      "actionSpecific": {
        "space": {
          "mean": 1057,
          "deviation": 128
        },
        "keys": {
          "mean": 115,
          "deviation": 47
        },
        "idle": {
          "mean": 15000,
          "deviation": 5000
        }
      }
    },
    "probabilities": {
      "refresh": 0.0302,
      "profileDive": 0.5784,
      "tweetDive": 0.2643,
      "likeTweetafterDive": 0.0186,
      "bookmarkAfterDive": 0.0221,
      "followOnProfile": 0.0046,
      "idle": 0.0648
    },
    "inputMethods": {
      "wheelDown": 0.8247,
      "wheelUp": 0.031,
      "space": 0.1443,
      "keysDown": 0,
      "keysUp": 0
    },
    "maxLike": 2,
    "maxFollow": 1,
    "theme": "dark"
  },
  {
    "id": "34-DeepDiver",
    "description": "Type: DeepDiver | Input: Mouse (79%) | Dive: 26.7% | T-Dive: 13.4% Like: 1.47% Bkmk: 1.96% Follow: 0.31%",
    "timings": {
      "readingPhase": {
        "mean": 182947,
        "deviation": 74122
      },
      "scrollPause": {
        "mean": 3709,
        "deviation": 1564
      },
      "actionSpecific": {
        "space": {
          "mean": 987,
          "deviation": 267
        },
        "keys": {
          "mean": 104,
          "deviation": 41
        },
        "idle": {
          "mean": 15000,
          "deviation": 5000
        }
      }
    },
    "probabilities": {
      "refresh": 0.0405,
      "profileDive": 0.2665,
      "tweetDive": 0.1336,
      "likeTweetafterDive": 0.0147,
      "bookmarkAfterDive": 0.0196,
      "followOnProfile": 0.0031,
      "idle": 0.08
    },
    "inputMethods": {
      "wheelDown": 0.792,
      "wheelUp": 0.03,
      "space": 0.178,
      "keysDown": 0,
      "keysUp": 0
    },
    "maxLike": 2,
    "maxFollow": 1,
    "theme": "dark"
  },
  {
    "id": "35-Lurker",
    "description": "Type: Lurker | Input: Mouse (81%) | Dive: 13.6% | T-Dive: 10.4% Like: 0.65% Bkmk: 3.78% Follow: 0.05%",
    "timings": {
      "readingPhase": {
        "mean": 239213,
        "deviation": 90252
      },
      "scrollPause": {
        "mean": 3170,
        "deviation": 1027
      },
      "actionSpecific": {
        "space": {
          "mean": 878,
          "deviation": 163
        },
        "keys": {
          "mean": 85,
          "deviation": 44
        },
        "idle": {
          "mean": 15000,
          "deviation": 5000
        }
      }
    },
    "probabilities": {
      "refresh": 0,
      "profileDive": 0.1356,
      "tweetDive": 0.1037,
      "likeTweetafterDive": 0.0065,
      "bookmarkAfterDive": 0.0378,
      "followOnProfile": 0.0005,
      "idle": 0
    },
    "inputMethods": {
      "wheelDown": 0.8068,
      "wheelUp": 0.0362,
      "space": 0.157,
      "keysDown": 0,
      "keysUp": 0
    },
    "maxLike": 2,
    "maxFollow": 1,
    "theme": "dark"
  },
  {
    "id": "36-Lurker",
    "description": "Type: Lurker | Input: Keys (85%) | Dive: 1.0% | T-Dive: 14.7% Like: 0.93% Bkmk: 3.31% Follow: 0.10%",
    "timings": {
      "readingPhase": {
        "mean": 260024,
        "deviation": 91049
      },
      "scrollPause": {
        "mean": 2930,
        "deviation": 900
      },
      "actionSpecific": {
        "space": {
          "mean": 877,
          "deviation": 242
        },
        "keys": {
          "mean": 97,
          "deviation": 31
        },
        "idle": {
          "mean": 15000,
          "deviation": 5000
        }
      }
    },
    "probabilities": {
      "refresh": 0.0872,
      "profileDive": 0.0103,
      "tweetDive": 0.147,
      "likeTweetafterDive": 0.0093,
      "bookmarkAfterDive": 0.0331,
      "followOnProfile": 0.001,
      "idle": 0
    },
    "inputMethods": {
      "wheelDown": 0,
      "wheelUp": 0,
      "space": 0.1277,
      "keysDown": 0.8504,
      "keysUp": 0.0219
    },
    "maxLike": 2,
    "maxFollow": 1,
    "theme": "dark"
  },
  {
    "id": "37-Lurker",
    "description": "Type: Lurker | Input: Keys (75%) | Dive: 8.5% | T-Dive: 12.4% Like: 0.50% Bkmk: 2.57% Follow: 0.07%",
    "timings": {
      "readingPhase": {
        "mean": 251680,
        "deviation": 90267
      },
      "scrollPause": {
        "mean": 2911,
        "deviation": 1083
      },
      "actionSpecific": {
        "space": {
          "mean": 979,
          "deviation": 265
        },
        "keys": {
          "mean": 110,
          "deviation": 40
        },
        "idle": {
          "mean": 15000,
          "deviation": 5000
        }
      }
    },
    "probabilities": {
      "refresh": 0.0694,
      "profileDive": 0.0852,
      "tweetDive": 0.1244,
      "likeTweetafterDive": 0.005,
      "bookmarkAfterDive": 0.0257,
      "followOnProfile": 0.0007,
      "idle": 0.1903
    },
    "inputMethods": {
      "wheelDown": 0,
      "wheelUp": 0,
      "space": 0.2369,
      "keysDown": 0.7483,
      "keysUp": 0.0148
    },
    "maxLike": 2,
    "maxFollow": 1,
    "theme": "dark"
  },
  {
    "id": "38-Lurker",
    "description": "Type: Lurker | Input: Mouse (79%) | Dive: 19.4% | T-Dive: 16.5% Like: 0.59% Bkmk: 2.84% Follow: 0.14%",
    "timings": {
      "readingPhase": {
        "mean": 263579,
        "deviation": 89433
      },
      "scrollPause": {
        "mean": 2820,
        "deviation": 1047
      },
      "actionSpecific": {
        "space": {
          "mean": 978,
          "deviation": 139
        },
        "keys": {
          "mean": 139,
          "deviation": 37
        },
        "idle": {
          "mean": 15000,
          "deviation": 5000
        }
      }
    },
    "probabilities": {
      "refresh": 0,
      "profileDive": 0.1943,
      "tweetDive": 0.1649,
      "likeTweetafterDive": 0.0059,
      "bookmarkAfterDive": 0.0284,
      "followOnProfile": 0.0014,
      "idle": 0.0943
    },
    "inputMethods": {
      "wheelDown": 0.7883,
      "wheelUp": 0.0454,
      "space": 0.1663,
      "keysDown": 0,
      "keysUp": 0
    },
    "maxLike": 2,
    "maxFollow": 1,
    "theme": "dark"
  },
  {
    "id": "39-DoomScroller",
    "description": "Type: DoomScroller | Input: Mouse (97%) | Dive: 0.0% | T-Dive: 8.1% Like: 0.50% Bkmk: 0.94% Follow: 0.00%",
    "timings": {
      "readingPhase": {
        "mean": 43198,
        "deviation": 10968
      },
      "scrollPause": {
        "mean": 710,
        "deviation": 134
      },
      "actionSpecific": {
        "space": {
          "mean": 1055,
          "deviation": 177
        },
        "keys": {
          "mean": 139,
          "deviation": 38
        },
        "idle": {
          "mean": 15000,
          "deviation": 5000
        }
      }
    },
    "probabilities": {
      "refresh": 0.1748,
      "profileDive": 0,
      "tweetDive": 0.0811,
      "likeTweetafterDive": 0.005,
      "bookmarkAfterDive": 0.0094,
      "followOnProfile": 0,
      "idle": 0.1823
    },
    "inputMethods": {
      "wheelDown": 0.9672,
      "wheelUp": 0.0457,
      "space": 0,
      "keysDown": 0,
      "keysUp": 0
    },
    "maxLike": 2,
    "maxFollow": 1,
    "theme": "dark"
  },
  {
    "id": "40-DoomScroller",
    "description": "Type: DoomScroller | Input: Mouse (95%) | Dive: 8.7% | T-Dive: 0.0% Like: 0.50% Bkmk: 0.81% Follow: 0.00%",
    "timings": {
      "readingPhase": {
        "mean": 34110,
        "deviation": 13090
      },
      "scrollPause": {
        "mean": 495,
        "deviation": 145
      },
      "actionSpecific": {
        "space": {
          "mean": 1076,
          "deviation": 250
        },
        "keys": {
          "mean": 123,
          "deviation": 27
        },
        "idle": {
          "mean": 15000,
          "deviation": 5000
        }
      }
    },
    "probabilities": {
      "refresh": 0.0648,
      "profileDive": 0.087,
      "tweetDive": 0,
      "likeTweetafterDive": 0.005,
      "bookmarkAfterDive": 0.0081,
      "followOnProfile": 0,
      "idle": 0.1181
    },
    "inputMethods": {
      "wheelDown": 0.9464,
      "wheelUp": 0.0345,
      "space": 0.0191,
      "keysDown": 0,
      "keysUp": 0
    },
    "maxLike": 2,
    "maxFollow": 1,
    "theme": "dark"
  },
  {
    "id": "41-DoomScroller",
    "description": "Type: DoomScroller | Input: Mouse (88%) | Dive: 0.0% | T-Dive: 2.9% Like: 0.79% Bkmk: 0.60% Follow: 0.00%",
    "timings": {
      "readingPhase": {
        "mean": 15228,
        "deviation": 10883
      },
      "scrollPause": {
        "mean": 203,
        "deviation": 136
      },
      "actionSpecific": {
        "space": {
          "mean": 1180,
          "deviation": 281
        },
        "keys": {
          "mean": 127,
          "deviation": 27
        },
        "idle": {
          "mean": 15000,
          "deviation": 5000
        }
      }
    },
    "probabilities": {
      "refresh": 0.0459,
      "profileDive": 0,
      "tweetDive": 0.0289,
      "likeTweetafterDive": 0.0079,
      "bookmarkAfterDive": 0.006,
      "followOnProfile": 0,
      "idle": 0.0917
    },
    "inputMethods": {
      "wheelDown": 0.8811,
      "wheelUp": 0.0465,
      "space": 0.0723,
      "keysDown": 0,
      "keysUp": 0
    },
    "maxLike": 2,
    "maxFollow": 1,
    "theme": "dark"
  },
  {
    "id": "42-DoomScroller",
    "description": "Type: DoomScroller | Input: Mouse (97%) | Dive: 7.4% | T-Dive: 1.4% Like: 0.64% Bkmk: 0.03% Follow: 0.02%",
    "timings": {
      "readingPhase": {
        "mean": 26554,
        "deviation": 10198
      },
      "scrollPause": {
        "mean": 855,
        "deviation": 203
      },
      "actionSpecific": {
        "space": {
          "mean": 1133,
          "deviation": 296
        },
        "keys": {
          "mean": 88,
          "deviation": 21
        },
        "idle": {
          "mean": 15000,
          "deviation": 5000
        }
      }
    },
    "probabilities": {
      "refresh": 0.0512,
      "profileDive": 0.0741,
      "tweetDive": 0.0137,
      "likeTweetafterDive": 0.0064,
      "bookmarkAfterDive": 0.0003,
      "followOnProfile": 0.0002,
      "idle": 0.1377
    },
    "inputMethods": {
      "wheelDown": 0.9656,
      "wheelUp": 0.0249,
      "space": 0.0095,
      "keysDown": 0,
      "keysUp": 0
    },
    "maxLike": 2,
    "maxFollow": 1,
    "theme": "dark"
  },
  {
    "id": "43-NewsJunkie",
    "description": "Type: NewsJunkie | Input: Mouse (88%) | Dive: 22.3% | T-Dive: 31.9% Like: 0.92% Bkmk: 3.01% Follow: 0.98%",
    "timings": {
      "readingPhase": {
        "mean": 40695,
        "deviation": 12153
      },
      "scrollPause": {
        "mean": 1416,
        "deviation": 387
      },
      "actionSpecific": {
        "space": {
          "mean": 1053,
          "deviation": 128
        },
        "keys": {
          "mean": 144,
          "deviation": 40
        },
        "idle": {
          "mean": 15000,
          "deviation": 5000
        }
      }
    },
    "probabilities": {
      "refresh": 0.512,
      "profileDive": 0.2231,
      "tweetDive": 0.3186,
      "likeTweetafterDive": 0.0092,
      "bookmarkAfterDive": 0.0301,
      "followOnProfile": 0.0098,
      "idle": 0.0702
    },
    "inputMethods": {
      "wheelDown": 0.8841,
      "wheelUp": 0.0244,
      "space": 0.0915,
      "keysDown": 0,
      "keysUp": 0
    },
    "maxLike": 2,
    "maxFollow": 1,
    "theme": "dark"
  },
  {
    "id": "44-NewsJunkie",
    "description": "Type: NewsJunkie | Input: Mouse (83%) | Dive: 17.7% | T-Dive: 24.8% Like: 0.80% Bkmk: 2.10% Follow: 1.00%",
    "timings": {
      "readingPhase": {
        "mean": 35137,
        "deviation": 11955
      },
      "scrollPause": {
        "mean": 1550,
        "deviation": 355
      },
      "actionSpecific": {
        "space": {
          "mean": 836,
          "deviation": 152
        },
        "keys": {
          "mean": 144,
          "deviation": 29
        },
        "idle": {
          "mean": 15000,
          "deviation": 5000
        }
      }
    },
    "probabilities": {
      "refresh": 0.605,
      "profileDive": 0.1774,
      "tweetDive": 0.2476,
      "likeTweetafterDive": 0.008,
      "bookmarkAfterDive": 0.021,
      "followOnProfile": 0.01,
      "idle": 0.1989
    },
    "inputMethods": {
      "wheelDown": 0.8259,
      "wheelUp": 0.0332,
      "space": 0.1409,
      "keysDown": 0,
      "keysUp": 0
    },
    "maxLike": 2,
    "maxFollow": 1,
    "theme": "dark"
  },
  {
    "id": "45-NewsJunkie",
    "description": "Type: NewsJunkie | Input: Keys (81%) | Dive: 15.8% | T-Dive: 30.2% Like: 0.50% Bkmk: 2.72% Follow: 1.00%",
    "timings": {
      "readingPhase": {
        "mean": 34288,
        "deviation": 18260
      },
      "scrollPause": {
        "mean": 1274,
        "deviation": 420
      },
      "actionSpecific": {
        "space": {
          "mean": 1160,
          "deviation": 127
        },
        "keys": {
          "mean": 85,
          "deviation": 39
        },
        "idle": {
          "mean": 15000,
          "deviation": 5000
        }
      }
    },
    "probabilities": {
      "refresh": 0.5285,
      "profileDive": 0.158,
      "tweetDive": 0.3021,
      "likeTweetafterDive": 0.005,
      "bookmarkAfterDive": 0.0272,
      "followOnProfile": 0.01,
      "idle": 0.1401
    },
    "inputMethods": {
      "wheelDown": 0,
      "wheelUp": 0,
      "space": 0.1428,
      "keysDown": 0.8077,
      "keysUp": 0.0495
    },
    "maxLike": 2,
    "maxFollow": 1,
    "theme": "dark"
  },
  {
    "id": "46-NewsJunkie",
    "description": "Type: NewsJunkie | Input: Mouse (86%) | Dive: 26.1% | T-Dive: 22.9% Like: 1.52% Bkmk: 2.70% Follow: 0.92%",
    "timings": {
      "readingPhase": {
        "mean": 41609,
        "deviation": 13743
      },
      "scrollPause": {
        "mean": 956,
        "deviation": 442
      },
      "actionSpecific": {
        "space": {
          "mean": 975,
          "deviation": 166
        },
        "keys": {
          "mean": 94,
          "deviation": 43
        },
        "idle": {
          "mean": 15000,
          "deviation": 5000
        }
      }
    },
    "probabilities": {
      "refresh": 0.5625,
      "profileDive": 0.2609,
      "tweetDive": 0.2287,
      "likeTweetafterDive": 0.0152,
      "bookmarkAfterDive": 0.027,
      "followOnProfile": 0.0092,
      "idle": 0.0549
    },
    "inputMethods": {
      "wheelDown": 0.8609,
      "wheelUp": 0.0417,
      "space": 0.0975,
      "keysDown": 0,
      "keysUp": 0
    },
    "maxLike": 2,
    "maxFollow": 1,
    "theme": "dark"
  },
  {
    "id": "47-Stalker",
    "description": "Type: Stalker | Input: Mouse (87%) | Dive: 80.0% | T-Dive: 2.4% Like: 1.07% Bkmk: 1.37% Follow: 1.00%",
    "timings": {
      "readingPhase": {
        "mean": 114251,
        "deviation": 40477
      },
      "scrollPause": {
        "mean": 2126,
        "deviation": 789
      },
      "actionSpecific": {
        "space": {
          "mean": 1041,
          "deviation": 274
        },
        "keys": {
          "mean": 124,
          "deviation": 20
        },
        "idle": {
          "mean": 15000,
          "deviation": 5000
        }
      }
    },
    "probabilities": {
      "refresh": 0.1155,
      "profileDive": 0.8,
      "tweetDive": 0.0239,
      "likeTweetafterDive": 0.0107,
      "bookmarkAfterDive": 0.0137,
      "followOnProfile": 0.01,
      "idle": 0.1912
    },
    "inputMethods": {
      "wheelDown": 0.8734,
      "wheelUp": 0.0344,
      "space": 0.0922,
      "keysDown": 0,
      "keysUp": 0
    },
    "maxLike": 2,
    "maxFollow": 1,
    "theme": "dark"
  },
  {
    "id": "48-Stalker",
    "description": "Type: Stalker | Input: Mouse (88%) | Dive: 80.0% | T-Dive: 2.6% Like: 0.90% Bkmk: 1.31% Follow: 1.00%",
    "timings": {
      "readingPhase": {
        "mean": 139739,
        "deviation": 41202
      },
      "scrollPause": {
        "mean": 1841,
        "deviation": 756
      },
      "actionSpecific": {
        "space": {
          "mean": 945,
          "deviation": 157
        },
        "keys": {
          "mean": 106,
          "deviation": 48
        },
        "idle": {
          "mean": 15000,
          "deviation": 5000
        }
      }
    },
    "probabilities": {
      "refresh": 0.1324,
      "profileDive": 0.8,
      "tweetDive": 0.0261,
      "likeTweetafterDive": 0.009,
      "bookmarkAfterDive": 0.0131,
      "followOnProfile": 0.01,
      "idle": 0.0882
    },
    "inputMethods": {
      "wheelDown": 0.8818,
      "wheelUp": 0.0245,
      "space": 0.0937,
      "keysDown": 0,
      "keysUp": 0
    },
    "maxLike": 2,
    "maxFollow": 1,
    "theme": "dark"
  },
  {
    "id": "49-Stalker",
    "description": "Type: Stalker | Input: Keys (92%) | Dive: 80.0% | T-Dive: 10.6% Like: 0.88% Bkmk: 0.03% Follow: 1.00%",
    "timings": {
      "readingPhase": {
        "mean": 110877,
        "deviation": 37331
      },
      "scrollPause": {
        "mean": 1924,
        "deviation": 747
      },
      "actionSpecific": {
        "space": {
          "mean": 1057,
          "deviation": 107
        },
        "keys": {
          "mean": 133,
          "deviation": 31
        },
        "idle": {
          "mean": 15000,
          "deviation": 5000
        }
      }
    },
    "probabilities": {
      "refresh": 0.0654,
      "profileDive": 0.8,
      "tweetDive": 0.1056,
      "likeTweetafterDive": 0.0088,
      "bookmarkAfterDive": 0.0003,
      "followOnProfile": 0.01,
      "idle": 0.0482
    },
    "inputMethods": {
      "wheelDown": 0,
      "wheelUp": 0,
      "space": 0.0331,
      "keysDown": 0.9215,
      "keysUp": 0.0454
    },
    "maxLike": 2,
    "maxFollow": 1,
    "theme": "dark"
  },
  {
    "id": "50-Stalker",
    "description": "Type: Stalker | Input: Keys (82%) | Dive: 80.0% | T-Dive: 3.8% Like: 1.56% Bkmk: 0.79% Follow: 1.00%",
    "timings": {
      "readingPhase": {
        "mean": 122524,
        "deviation": 39349
      },
      "scrollPause": {
        "mean": 1917,
        "deviation": 773
      },
      "actionSpecific": {
        "space": {
          "mean": 1155,
          "deviation": 297
        },
        "keys": {
          "mean": 110,
          "deviation": 25
        },
        "idle": {
          "mean": 15000,
          "deviation": 5000
        }
      }
    },
    "probabilities": {
      "refresh": 0.0702,
      "profileDive": 0.8,
      "tweetDive": 0.0383,
      "likeTweetafterDive": 0.0156,
      "bookmarkAfterDive": 0.0079,
      "followOnProfile": 0.01,
      "idle": 0.1249
    },
    "inputMethods": {
      "wheelDown": 0,
      "wheelUp": 0,
      "space": 0.1394,
      "keysDown": 0.8207,
      "keysUp": 0.0399
    },
    "maxLike": 2,
    "maxFollow": 1,
    "theme": "dark"
  }
]